MembershipTypeName_Financial,PurchaseDate1,Textbox2,NetPricePaid,AvgNetPricePaid,PromotionCodeCount,Textbox3,Textbox42,Textbox43,Textbox44,Textbox4,Textbox37,Textbox38,Textbox39
24 Hour Kiosk,2012-05-01,1,5.00,5.00,0,1167,"5,835.00",5.00,0,1302,"8,775.00",6.74,5
24 Hour Kiosk,2012-05-02,5,25.00,5.00,0,1167,"5,835.00",5.00,0,1302,"8,775.00",6.74,5
24 Hour Kiosk,2012-05-04,5,25.00,5.00,0,1167,"5,835.00",5.00,0,1302,"8,775.00",6.74,5
24 Hour Kiosk,2012-05-05,13,65.00,5.00,0,1167,"5,835.00",5.00,0,1302,"8,775.00",6.74,5
24 Hour Kiosk,2012-05-06,20,100.00,5.00,0,1167,"5,835.00",5.00,0,1302,"8,775.00",6.74,5
24 Hour Kiosk,2012-05-07,1,5.00,5.00,0,1167,"5,835.00",5.00,0,1302,"8,775.00",6.74,5
24 Hour Kiosk,2012-05-08,2,10.00,5.00,0,1167,"5,835.00",5.00,0,1302,"8,775.00",6.74,5
24 Hour Kiosk,2012-05-09,2,10.00,5.00,0,1167,"5,835.00",5.00,0,1302,"8,775.00",6.74,5
24 Hour Kiosk,2012-05-10,5,25.00,5.00,0,1167,"5,835.00",5.00,0,1302,"8,775.00",6.74,5
24 Hour Kiosk,2012-05-11,3,15.00,5.00,0,1167,"5,835.00",5.00,0,1302,"8,775.00",6.74,5
24 Hour Kiosk,2012-05-12,13,65.00,5.00,0,1167,"5,835.00",5.00,0,1302,"8,775.00",6.74,5
24 Hour Kiosk,2012-05-13,21,105.00,5.00,0,1167,"5,835.00",5.00,0,1302,"8,775.00",6.74,5
24 Hour Kiosk,2012-05-14,1,5.00,5.00,0,1167,"5,835.00",5.00,0,1302,"8,775.00",6.74,5
24 Hour Kiosk,2012-05-15,5,25.00,5.00,0,1167,"5,835.00",5.00,0,1302,"8,775.00",6.74,5
24 Hour Kiosk,2012-05-16,3,15.00,5.00,0,1167,"5,835.00",5.00,0,1302,"8,775.00",6.74,5
24 Hour Kiosk,2012-05-17,5,25.00,5.00,0,1167,"5,835.00",5.00,0,1302,"8,775.00",6.74,5
24 Hour Kiosk,2012-05-18,6,30.00,5.00,0,1167,"5,835.00",5.00,0,1302,"8,775.00",6.74,5
24 Hour Kiosk,2012-05-19,22,110.00,5.00,0,1167,"5,835.00",5.00,0,1302,"8,775.00",6.74,5
24 Hour Kiosk,2012-05-20,12,60.00,5.00,0,1167,"5,835.00",5.00,0,1302,"8,775.00",6.74,5
24 Hour Kiosk,2012-05-21,2,10.00,5.00,0,1167,"5,835.00",5.00,0,1302,"8,775.00",6.74,5
24 Hour Kiosk,2012-05-22,2,10.00,5.00,0,1167,"5,835.00",5.00,0,1302,"8,775.00",6.74,5
24 Hour Kiosk,2012-05-23,6,30.00,5.00,0,1167,"5,835.00",5.00,0,1302,"8,775.00",6.74,5
24 Hour Kiosk,2012-05-24,3,15.00,5.00,0,1167,"5,835.00",5.00,0,1302,"8,775.00",6.74,5
24 Hour Kiosk,2012-05-25,6,30.00,5.00,0,1167,"5,835.00",5.00,0,1302,"8,775.00",6.74,5
24 Hour Kiosk,2012-05-26,8,40.00,5.00,0,1167,"5,835.00",5.00,0,1302,"8,775.00",6.74,5
24 Hour Kiosk,2012-05-27,16,80.00,5.00,0,1167,"5,835.00",5.00,0,1302,"8,775.00",6.74,5
24 Hour Kiosk,2012-05-28,17,85.00,5.00,0,1167,"5,835.00",5.00,0,1302,"8,775.00",6.74,5
24 Hour Kiosk,2012-05-29,4,20.00,5.00,0,1167,"5,835.00",5.00,0,1302,"8,775.00",6.74,5
24 Hour Kiosk,2012-05-30,3,15.00,5.00,0,1167,"5,835.00",5.00,0,1302,"8,775.00",6.74,5
24 Hour Kiosk,2012-05-31,7,35.00,5.00,0,1167,"5,835.00",5.00,0,1302,"8,775.00",6.74,5
24 Hour Kiosk,2012-06-01,10,50.00,5.00,0,1167,"5,835.00",5.00,0,1302,"8,775.00",6.74,5
24 Hour Kiosk,2012-06-02,6,30.00,5.00,0,1167,"5,835.00",5.00,0,1302,"8,775.00",6.74,5
24 Hour Kiosk,2012-06-03,9,45.00,5.00,0,1167,"5,835.00",5.00,0,1302,"8,775.00",6.74,5
24 Hour Kiosk,2012-06-04,2,10.00,5.00,0,1167,"5,835.00",5.00,0,1302,"8,775.00",6.74,5
24 Hour Kiosk,2012-06-05,2,10.00,5.00,0,1167,"5,835.00",5.00,0,1302,"8,775.00",6.74,5
24 Hour Kiosk,2012-06-06,3,15.00,5.00,0,1167,"5,835.00",5.00,0,1302,"8,775.00",6.74,5
24 Hour Kiosk,2012-06-07,3,15.00,5.00,0,1167,"5,835.00",5.00,0,1302,"8,775.00",6.74,5
24 Hour Kiosk,2012-06-08,6,30.00,5.00,0,1167,"5,835.00",5.00,0,1302,"8,775.00",6.74,5
24 Hour Kiosk,2012-06-09,6,30.00,5.00,0,1167,"5,835.00",5.00,0,1302,"8,775.00",6.74,5
24 Hour Kiosk,2012-06-10,8,40.00,5.00,0,1167,"5,835.00",5.00,0,1302,"8,775.00",6.74,5
24 Hour Kiosk,2012-06-11,5,25.00,5.00,0,1167,"5,835.00",5.00,0,1302,"8,775.00",6.74,5
24 Hour Kiosk,2012-06-13,7,35.00,5.00,0,1167,"5,835.00",5.00,0,1302,"8,775.00",6.74,5
24 Hour Kiosk,2012-06-14,3,15.00,5.00,0,1167,"5,835.00",5.00,0,1302,"8,775.00",6.74,5
24 Hour Kiosk,2012-06-15,1,5.00,5.00,0,1167,"5,835.00",5.00,0,1302,"8,775.00",6.74,5
24 Hour Kiosk,2012-06-16,8,40.00,5.00,0,1167,"5,835.00",5.00,0,1302,"8,775.00",6.74,5
24 Hour Kiosk,2012-06-17,5,25.00,5.00,0,1167,"5,835.00",5.00,0,1302,"8,775.00",6.74,5
24 Hour Kiosk,2012-06-18,2,10.00,5.00,0,1167,"5,835.00",5.00,0,1302,"8,775.00",6.74,5
24 Hour Kiosk,2012-06-19,1,5.00,5.00,0,1167,"5,835.00",5.00,0,1302,"8,775.00",6.74,5
24 Hour Kiosk,2012-06-20,4,20.00,5.00,0,1167,"5,835.00",5.00,0,1302,"8,775.00",6.74,5
24 Hour Kiosk,2012-06-21,2,10.00,5.00,0,1167,"5,835.00",5.00,0,1302,"8,775.00",6.74,5
24 Hour Kiosk,2012-06-22,3,15.00,5.00,0,1167,"5,835.00",5.00,0,1302,"8,775.00",6.74,5
24 Hour Kiosk,2012-06-23,16,80.00,5.00,0,1167,"5,835.00",5.00,0,1302,"8,775.00",6.74,5
24 Hour Kiosk,2012-06-24,2,10.00,5.00,0,1167,"5,835.00",5.00,0,1302,"8,775.00",6.74,5
24 Hour Kiosk,2012-06-25,13,65.00,5.00,0,1167,"5,835.00",5.00,0,1302,"8,775.00",6.74,5
24 Hour Kiosk,2012-06-26,4,20.00,5.00,0,1167,"5,835.00",5.00,0,1302,"8,775.00",6.74,5
24 Hour Kiosk,2012-06-27,4,20.00,5.00,0,1167,"5,835.00",5.00,0,1302,"8,775.00",6.74,5
24 Hour Kiosk,2012-06-28,5,25.00,5.00,0,1167,"5,835.00",5.00,0,1302,"8,775.00",6.74,5
24 Hour Kiosk,2012-06-29,12,60.00,5.00,0,1167,"5,835.00",5.00,0,1302,"8,775.00",6.74,5
24 Hour Kiosk,2012-06-30,6,30.00,5.00,0,1167,"5,835.00",5.00,0,1302,"8,775.00",6.74,5
24 Hour Kiosk,2012-07-01,6,30.00,5.00,0,1167,"5,835.00",5.00,0,1302,"8,775.00",6.74,5
24 Hour Kiosk,2012-07-02,1,5.00,5.00,0,1167,"5,835.00",5.00,0,1302,"8,775.00",6.74,5
24 Hour Kiosk,2012-07-03,3,15.00,5.00,0,1167,"5,835.00",5.00,0,1302,"8,775.00",6.74,5
24 Hour Kiosk,2012-07-04,16,80.00,5.00,0,1167,"5,835.00",5.00,0,1302,"8,775.00",6.74,5
24 Hour Kiosk,2012-07-05,1,5.00,5.00,0,1167,"5,835.00",5.00,0,1302,"8,775.00",6.74,5
24 Hour Kiosk,2012-07-06,1,5.00,5.00,0,1167,"5,835.00",5.00,0,1302,"8,775.00",6.74,5
24 Hour Kiosk,2012-07-07,7,35.00,5.00,0,1167,"5,835.00",5.00,0,1302,"8,775.00",6.74,5
24 Hour Kiosk,2012-07-08,6,30.00,5.00,0,1167,"5,835.00",5.00,0,1302,"8,775.00",6.74,5
24 Hour Kiosk,2012-07-10,4,20.00,5.00,0,1167,"5,835.00",5.00,0,1302,"8,775.00",6.74,5
24 Hour Kiosk,2012-07-11,2,10.00,5.00,0,1167,"5,835.00",5.00,0,1302,"8,775.00",6.74,5
24 Hour Kiosk,2012-07-12,4,20.00,5.00,0,1167,"5,835.00",5.00,0,1302,"8,775.00",6.74,5
24 Hour Kiosk,2012-07-14,5,25.00,5.00,0,1167,"5,835.00",5.00,0,1302,"8,775.00",6.74,5
24 Hour Kiosk,2012-07-15,6,30.00,5.00,0,1167,"5,835.00",5.00,0,1302,"8,775.00",6.74,5
24 Hour Kiosk,2012-07-16,4,20.00,5.00,0,1167,"5,835.00",5.00,0,1302,"8,775.00",6.74,5
24 Hour Kiosk,2012-07-17,1,5.00,5.00,0,1167,"5,835.00",5.00,0,1302,"8,775.00",6.74,5
24 Hour Kiosk,2012-07-18,6,30.00,5.00,0,1167,"5,835.00",5.00,0,1302,"8,775.00",6.74,5
24 Hour Kiosk,2012-07-19,2,10.00,5.00,0,1167,"5,835.00",5.00,0,1302,"8,775.00",6.74,5
24 Hour Kiosk,2012-07-21,7,35.00,5.00,0,1167,"5,835.00",5.00,0,1302,"8,775.00",6.74,5
24 Hour Kiosk,2012-07-22,9,45.00,5.00,0,1167,"5,835.00",5.00,0,1302,"8,775.00",6.74,5
24 Hour Kiosk,2012-07-23,1,5.00,5.00,0,1167,"5,835.00",5.00,0,1302,"8,775.00",6.74,5
24 Hour Kiosk,2012-07-24,3,15.00,5.00,0,1167,"5,835.00",5.00,0,1302,"8,775.00",6.74,5
24 Hour Kiosk,2012-07-25,4,20.00,5.00,0,1167,"5,835.00",5.00,0,1302,"8,775.00",6.74,5
24 Hour Kiosk,2012-07-26,5,25.00,5.00,0,1167,"5,835.00",5.00,0,1302,"8,775.00",6.74,5
24 Hour Kiosk,2012-07-27,10,50.00,5.00,0,1167,"5,835.00",5.00,0,1302,"8,775.00",6.74,5
24 Hour Kiosk,2012-07-28,20,100.00,5.00,0,1167,"5,835.00",5.00,0,1302,"8,775.00",6.74,5
24 Hour Kiosk,2012-07-29,10,50.00,5.00,0,1167,"5,835.00",5.00,0,1302,"8,775.00",6.74,5
24 Hour Kiosk,2012-07-30,4,20.00,5.00,0,1167,"5,835.00",5.00,0,1302,"8,775.00",6.74,5
24 Hour Kiosk,2012-08-01,1,5.00,5.00,0,1167,"5,835.00",5.00,0,1302,"8,775.00",6.74,5
24 Hour Kiosk,2012-08-02,1,5.00,5.00,0,1167,"5,835.00",5.00,0,1302,"8,775.00",6.74,5
24 Hour Kiosk,2012-08-03,4,20.00,5.00,0,1167,"5,835.00",5.00,0,1302,"8,775.00",6.74,5
24 Hour Kiosk,2012-08-04,4,20.00,5.00,0,1167,"5,835.00",5.00,0,1302,"8,775.00",6.74,5
24 Hour Kiosk,2012-08-05,9,45.00,5.00,0,1167,"5,835.00",5.00,0,1302,"8,775.00",6.74,5
24 Hour Kiosk,2012-08-06,5,25.00,5.00,0,1167,"5,835.00",5.00,0,1302,"8,775.00",6.74,5
24 Hour Kiosk,2012-08-09,2,10.00,5.00,0,1167,"5,835.00",5.00,0,1302,"8,775.00",6.74,5
24 Hour Kiosk,2012-08-11,6,30.00,5.00,0,1167,"5,835.00",5.00,0,1302,"8,775.00",6.74,5
24 Hour Kiosk,2012-08-12,7,35.00,5.00,0,1167,"5,835.00",5.00,0,1302,"8,775.00",6.74,5
24 Hour Kiosk,2012-08-13,7,35.00,5.00,0,1167,"5,835.00",5.00,0,1302,"8,775.00",6.74,5
24 Hour Kiosk,2012-08-14,2,10.00,5.00,0,1167,"5,835.00",5.00,0,1302,"8,775.00",6.74,5
24 Hour Kiosk,2012-08-15,6,30.00,5.00,0,1167,"5,835.00",5.00,0,1302,"8,775.00",6.74,5
24 Hour Kiosk,2012-08-16,5,25.00,5.00,0,1167,"5,835.00",5.00,0,1302,"8,775.00",6.74,5
24 Hour Kiosk,2012-08-17,4,20.00,5.00,0,1167,"5,835.00",5.00,0,1302,"8,775.00",6.74,5
24 Hour Kiosk,2012-08-18,5,25.00,5.00,0,1167,"5,835.00",5.00,0,1302,"8,775.00",6.74,5
24 Hour Kiosk,2012-08-19,5,25.00,5.00,0,1167,"5,835.00",5.00,0,1302,"8,775.00",6.74,5
24 Hour Kiosk,2012-08-20,3,15.00,5.00,0,1167,"5,835.00",5.00,0,1302,"8,775.00",6.74,5
24 Hour Kiosk,2012-08-21,2,10.00,5.00,0,1167,"5,835.00",5.00,0,1302,"8,775.00",6.74,5
24 Hour Kiosk,2012-08-22,2,10.00,5.00,0,1167,"5,835.00",5.00,0,1302,"8,775.00",6.74,5
24 Hour Kiosk,2012-08-23,2,10.00,5.00,0,1167,"5,835.00",5.00,0,1302,"8,775.00",6.74,5
24 Hour Kiosk,2012-08-24,2,10.00,5.00,0,1167,"5,835.00",5.00,0,1302,"8,775.00",6.74,5
24 Hour Kiosk,2012-08-25,8,40.00,5.00,0,1167,"5,835.00",5.00,0,1302,"8,775.00",6.74,5
24 Hour Kiosk,2012-08-26,7,35.00,5.00,0,1167,"5,835.00",5.00,0,1302,"8,775.00",6.74,5
24 Hour Kiosk,2012-08-27,5,25.00,5.00,0,1167,"5,835.00",5.00,0,1302,"8,775.00",6.74,5
24 Hour Kiosk,2012-08-29,1,5.00,5.00,0,1167,"5,835.00",5.00,0,1302,"8,775.00",6.74,5
24 Hour Kiosk,2012-08-30,3,15.00,5.00,0,1167,"5,835.00",5.00,0,1302,"8,775.00",6.74,5
24 Hour Kiosk,2012-08-31,15,75.00,5.00,0,1167,"5,835.00",5.00,0,1302,"8,775.00",6.74,5
24 Hour Kiosk,2012-09-01,3,15.00,5.00,0,1167,"5,835.00",5.00,0,1302,"8,775.00",6.74,5
24 Hour Kiosk,2012-09-02,13,65.00,5.00,0,1167,"5,835.00",5.00,0,1302,"8,775.00",6.74,5
24 Hour Kiosk,2012-09-03,12,60.00,5.00,0,1167,"5,835.00",5.00,0,1302,"8,775.00",6.74,5
24 Hour Kiosk,2012-09-04,4,20.00,5.00,0,1167,"5,835.00",5.00,0,1302,"8,775.00",6.74,5
24 Hour Kiosk,2012-09-05,4,20.00,5.00,0,1167,"5,835.00",5.00,0,1302,"8,775.00",6.74,5
24 Hour Kiosk,2012-09-07,2,10.00,5.00,0,1167,"5,835.00",5.00,0,1302,"8,775.00",6.74,5
24 Hour Kiosk,2012-09-08,20,100.00,5.00,0,1167,"5,835.00",5.00,0,1302,"8,775.00",6.74,5
24 Hour Kiosk,2012-09-09,18,90.00,5.00,0,1167,"5,835.00",5.00,0,1302,"8,775.00",6.74,5
24 Hour Kiosk,2012-09-10,7,35.00,5.00,0,1167,"5,835.00",5.00,0,1302,"8,775.00",6.74,5
24 Hour Kiosk,2012-09-11,5,25.00,5.00,0,1167,"5,835.00",5.00,0,1302,"8,775.00",6.74,5
24 Hour Kiosk,2012-09-12,1,5.00,5.00,0,1167,"5,835.00",5.00,0,1302,"8,775.00",6.74,5
24 Hour Kiosk,2012-09-14,13,65.00,5.00,0,1167,"5,835.00",5.00,0,1302,"8,775.00",6.74,5
24 Hour Kiosk,2012-09-15,8,40.00,5.00,0,1167,"5,835.00",5.00,0,1302,"8,775.00",6.74,5
24 Hour Kiosk,2012-09-16,4,20.00,5.00,0,1167,"5,835.00",5.00,0,1302,"8,775.00",6.74,5
24 Hour Kiosk,2012-09-17,8,40.00,5.00,0,1167,"5,835.00",5.00,0,1302,"8,775.00",6.74,5
24 Hour Kiosk,2012-09-18,1,5.00,5.00,0,1167,"5,835.00",5.00,0,1302,"8,775.00",6.74,5
24 Hour Kiosk,2012-09-20,7,35.00,5.00,0,1167,"5,835.00",5.00,0,1302,"8,775.00",6.74,5
24 Hour Kiosk,2012-09-21,4,20.00,5.00,0,1167,"5,835.00",5.00,0,1302,"8,775.00",6.74,5
24 Hour Kiosk,2012-09-22,11,55.00,5.00,0,1167,"5,835.00",5.00,0,1302,"8,775.00",6.74,5
24 Hour Kiosk,2012-09-23,11,55.00,5.00,0,1167,"5,835.00",5.00,0,1302,"8,775.00",6.74,5
24 Hour Kiosk,2012-09-24,5,25.00,5.00,0,1167,"5,835.00",5.00,0,1302,"8,775.00",6.74,5
24 Hour Kiosk,2012-09-25,3,15.00,5.00,0,1167,"5,835.00",5.00,0,1302,"8,775.00",6.74,5
24 Hour Kiosk,2012-09-27,6,30.00,5.00,0,1167,"5,835.00",5.00,0,1302,"8,775.00",6.74,5
24 Hour Kiosk,2012-09-28,8,40.00,5.00,0,1167,"5,835.00",5.00,0,1302,"8,775.00",6.74,5
24 Hour Kiosk,2012-09-30,9,45.00,5.00,0,1167,"5,835.00",5.00,0,1302,"8,775.00",6.74,5
24 Hour Kiosk,2012-10-01,3,15.00,5.00,0,1167,"5,835.00",5.00,0,1302,"8,775.00",6.74,5
24 Hour Kiosk,2012-10-02,6,30.00,5.00,0,1167,"5,835.00",5.00,0,1302,"8,775.00",6.74,5
24 Hour Kiosk,2012-10-04,4,20.00,5.00,0,1167,"5,835.00",5.00,0,1302,"8,775.00",6.74,5
24 Hour Kiosk,2012-10-05,6,30.00,5.00,0,1167,"5,835.00",5.00,0,1302,"8,775.00",6.74,5
24 Hour Kiosk,2012-10-06,16,80.00,5.00,0,1167,"5,835.00",5.00,0,1302,"8,775.00",6.74,5
24 Hour Kiosk,2012-10-07,2,10.00,5.00,0,1167,"5,835.00",5.00,0,1302,"8,775.00",6.74,5
24 Hour Kiosk,2012-10-08,2,10.00,5.00,0,1167,"5,835.00",5.00,0,1302,"8,775.00",6.74,5
24 Hour Kiosk,2012-10-09,1,5.00,5.00,0,1167,"5,835.00",5.00,0,1302,"8,775.00",6.74,5
24 Hour Kiosk,2012-10-10,1,5.00,5.00,0,1167,"5,835.00",5.00,0,1302,"8,775.00",6.74,5
24 Hour Kiosk,2012-10-13,4,20.00,5.00,0,1167,"5,835.00",5.00,0,1302,"8,775.00",6.74,5
24 Hour Kiosk,2012-10-14,4,20.00,5.00,0,1167,"5,835.00",5.00,0,1302,"8,775.00",6.74,5
24 Hour Kiosk,2012-10-15,2,10.00,5.00,0,1167,"5,835.00",5.00,0,1302,"8,775.00",6.74,5
24 Hour Kiosk,2012-10-17,4,20.00,5.00,0,1167,"5,835.00",5.00,0,1302,"8,775.00",6.74,5
24 Hour Kiosk,2012-10-18,1,5.00,5.00,0,1167,"5,835.00",5.00,0,1302,"8,775.00",6.74,5
24 Hour Kiosk,2012-10-20,9,45.00,5.00,0,1167,"5,835.00",5.00,0,1302,"8,775.00",6.74,5
24 Hour Kiosk,2012-10-21,2,10.00,5.00,0,1167,"5,835.00",5.00,0,1302,"8,775.00",6.74,5
24 Hour Kiosk,2012-10-22,3,15.00,5.00,0,1167,"5,835.00",5.00,0,1302,"8,775.00",6.74,5
24 Hour Kiosk,2012-10-23,2,10.00,5.00,0,1167,"5,835.00",5.00,0,1302,"8,775.00",6.74,5
24 Hour Kiosk,2012-10-25,1,5.00,5.00,0,1167,"5,835.00",5.00,0,1302,"8,775.00",6.74,5
24 Hour Kiosk,2012-10-26,14,70.00,5.00,0,1167,"5,835.00",5.00,0,1302,"8,775.00",6.74,5
24 Hour Kiosk,2012-10-27,8,40.00,5.00,0,1167,"5,835.00",5.00,0,1302,"8,775.00",6.74,5
24 Hour Kiosk,2012-10-28,12,60.00,5.00,0,1167,"5,835.00",5.00,0,1302,"8,775.00",6.74,5
24 Hour Kiosk,2012-10-31,2,10.00,5.00,0,1167,"5,835.00",5.00,0,1302,"8,775.00",6.74,5
24 Hour Kiosk,2012-11-02,3,15.00,5.00,0,1167,"5,835.00",5.00,0,1302,"8,775.00",6.74,5
24 Hour Kiosk,2012-11-03,2,10.00,5.00,0,1167,"5,835.00",5.00,0,1302,"8,775.00",6.74,5
24 Hour Kiosk,2012-11-04,9,45.00,5.00,0,1167,"5,835.00",5.00,0,1302,"8,775.00",6.74,5
24 Hour Kiosk,2012-11-05,2,10.00,5.00,0,1167,"5,835.00",5.00,0,1302,"8,775.00",6.74,5
24 Hour Kiosk,2012-11-06,1,5.00,5.00,0,1167,"5,835.00",5.00,0,1302,"8,775.00",6.74,5
24 Hour Kiosk,2012-11-07,2,10.00,5.00,0,1167,"5,835.00",5.00,0,1302,"8,775.00",6.74,5
24 Hour Kiosk,2012-11-08,2,10.00,5.00,0,1167,"5,835.00",5.00,0,1302,"8,775.00",6.74,5
24 Hour Kiosk,2012-11-09,1,5.00,5.00,0,1167,"5,835.00",5.00,0,1302,"8,775.00",6.74,5
24 Hour Kiosk,2012-11-10,14,70.00,5.00,0,1167,"5,835.00",5.00,0,1302,"8,775.00",6.74,5
24 Hour Kiosk,2012-11-12,5,25.00,5.00,0,1167,"5,835.00",5.00,0,1302,"8,775.00",6.74,5
24 Hour Kiosk,2012-11-13,3,15.00,5.00,0,1167,"5,835.00",5.00,0,1302,"8,775.00",6.74,5
24 Hour Kiosk,2012-11-15,3,15.00,5.00,0,1167,"5,835.00",5.00,0,1302,"8,775.00",6.74,5
24 Hour Kiosk,2012-11-16,1,5.00,5.00,0,1167,"5,835.00",5.00,0,1302,"8,775.00",6.74,5
24 Hour Kiosk,2012-11-17,12,60.00,5.00,0,1167,"5,835.00",5.00,0,1302,"8,775.00",6.74,5
24 Hour Kiosk,2012-11-18,10,50.00,5.00,0,1167,"5,835.00",5.00,0,1302,"8,775.00",6.74,5
24 Hour Kiosk,2012-11-20,2,10.00,5.00,0,1167,"5,835.00",5.00,0,1302,"8,775.00",6.74,5
24 Hour Kiosk,2012-11-21,5,25.00,5.00,0,1167,"5,835.00",5.00,0,1302,"8,775.00",6.74,5
24 Hour Kiosk,2012-11-22,11,55.00,5.00,0,1167,"5,835.00",5.00,0,1302,"8,775.00",6.74,5
24 Hour Kiosk,2012-11-23,5,25.00,5.00,0,1167,"5,835.00",5.00,0,1302,"8,775.00",6.74,5
24 Hour Kiosk,2012-11-24,7,35.00,5.00,0,1167,"5,835.00",5.00,0,1302,"8,775.00",6.74,5
24 Hour Kiosk,2012-11-25,15,75.00,5.00,0,1167,"5,835.00",5.00,0,1302,"8,775.00",6.74,5
24 Hour Kiosk,2012-11-26,2,10.00,5.00,0,1167,"5,835.00",5.00,0,1302,"8,775.00",6.74,5
24 Hour Kiosk,2012-11-29,7,35.00,5.00,0,1167,"5,835.00",5.00,0,1302,"8,775.00",6.74,5
24 Hour Kiosk,2012-11-30,13,65.00,5.00,0,1167,"5,835.00",5.00,0,1302,"8,775.00",6.74,5
24 Hour Kiosk,2012-12-01,5,25.00,5.00,0,1167,"5,835.00",5.00,0,1302,"8,775.00",6.74,5
24 Hour Kiosk,2012-12-02,3,15.00,5.00,0,1167,"5,835.00",5.00,0,1302,"8,775.00",6.74,5
24 Hour Kiosk,2012-12-05,2,10.00,5.00,0,1167,"5,835.00",5.00,0,1302,"8,775.00",6.74,5
24 Hour Kiosk,2012-12-07,3,15.00,5.00,0,1167,"5,835.00",5.00,0,1302,"8,775.00",6.74,5
24 Hour Kiosk,2012-12-08,11,55.00,5.00,0,1167,"5,835.00",5.00,0,1302,"8,775.00",6.74,5
24 Hour Kiosk,2012-12-09,11,55.00,5.00,0,1167,"5,835.00",5.00,0,1302,"8,775.00",6.74,5
24 Hour Kiosk,2012-12-10,1,5.00,5.00,0,1167,"5,835.00",5.00,0,1302,"8,775.00",6.74,5
24 Hour Kiosk,2012-12-11,8,40.00,5.00,0,1167,"5,835.00",5.00,0,1302,"8,775.00",6.74,5
24 Hour Kiosk,2012-12-14,2,10.00,5.00,0,1167,"5,835.00",5.00,0,1302,"8,775.00",6.74,5
24 Hour Kiosk,2012-12-15,4,20.00,5.00,0,1167,"5,835.00",5.00,0,1302,"8,775.00",6.74,5
24 Hour Kiosk,2012-12-17,5,25.00,5.00,0,1167,"5,835.00",5.00,0,1302,"8,775.00",6.74,5
24 Hour Kiosk,2012-12-18,1,5.00,5.00,0,1167,"5,835.00",5.00,0,1302,"8,775.00",6.74,5
24 Hour Kiosk,2012-12-19,3,15.00,5.00,0,1167,"5,835.00",5.00,0,1302,"8,775.00",6.74,5
24 Hour Kiosk,2012-12-21,1,5.00,5.00,0,1167,"5,835.00",5.00,0,1302,"8,775.00",6.74,5
24 Hour Kiosk,2012-12-22,2,10.00,5.00,0,1167,"5,835.00",5.00,0,1302,"8,775.00",6.74,5
24 Hour Kiosk,2012-12-23,7,35.00,5.00,0,1167,"5,835.00",5.00,0,1302,"8,775.00",6.74,5
24 Hour Kiosk,2012-12-24,5,25.00,5.00,0,1167,"5,835.00",5.00,0,1302,"8,775.00",6.74,5
24 Hour Kiosk,2012-12-27,5,25.00,5.00,0,1167,"5,835.00",5.00,0,1302,"8,775.00",6.74,5
24 Hour Kiosk,2012-12-28,3,15.00,5.00,0,1167,"5,835.00",5.00,0,1302,"8,775.00",6.74,5
24 Hour Kiosk,2012-12-30,4,20.00,5.00,0,1167,"5,835.00",5.00,0,1302,"8,775.00",6.74,5
24 Hour Pass,2012-05-02,1,5.00,5.00,0,82,395.00,4.82,4,1302,"8,775.00",6.74,5
24 Hour Pass,2012-05-03,2,10.00,5.00,0,82,395.00,4.82,4,1302,"8,775.00",6.74,5
24 Hour Pass,2012-05-04,3,15.00,5.00,0,82,395.00,4.82,4,1302,"8,775.00",6.74,5
24 Hour Pass,2012-05-06,1,5.00,5.00,0,82,395.00,4.82,4,1302,"8,775.00",6.74,5
24 Hour Pass,2012-05-09,1,5.00,5.00,0,82,395.00,4.82,4,1302,"8,775.00",6.74,5
24 Hour Pass,2012-05-13,1,5.00,5.00,0,82,395.00,4.82,4,1302,"8,775.00",6.74,5
24 Hour Pass,2012-05-18,1,5.00,5.00,0,82,395.00,4.82,4,1302,"8,775.00",6.74,5
24 Hour Pass,2012-05-28,2,10.00,5.00,0,82,395.00,4.82,4,1302,"8,775.00",6.74,5
24 Hour Pass,2012-06-02,1,5.00,5.00,0,82,395.00,4.82,4,1302,"8,775.00",6.74,5
24 Hour Pass,2012-06-08,1,5.00,5.00,0,82,395.00,4.82,4,1302,"8,775.00",6.74,5
24 Hour Pass,2012-06-15,2,5.00,2.50,1,82,395.00,4.82,4,1302,"8,775.00",6.74,5
24 Hour Pass,2012-06-20,2,10.00,5.00,0,82,395.00,4.82,4,1302,"8,775.00",6.74,5
24 Hour Pass,2012-06-23,1,5.00,5.00,0,82,395.00,4.82,4,1302,"8,775.00",6.74,5
24 Hour Pass,2012-06-24,2,10.00,5.00,0,82,395.00,4.82,4,1302,"8,775.00",6.74,5
24 Hour Pass,2012-06-26,3,15.00,5.00,0,82,395.00,4.82,4,1302,"8,775.00",6.74,5
24 Hour Pass,2012-06-29,1,5.00,5.00,0,82,395.00,4.82,4,1302,"8,775.00",6.74,5
24 Hour Pass,2012-07-04,1,5.00,5.00,0,82,395.00,4.82,4,1302,"8,775.00",6.74,5
24 Hour Pass,2012-07-05,1,0.00,0.00,1,82,395.00,4.82,4,1302,"8,775.00",6.74,5
24 Hour Pass,2012-07-10,2,10.00,5.00,0,82,395.00,4.82,4,1302,"8,775.00",6.74,5
24 Hour Pass,2012-07-15,1,5.00,5.00,0,82,395.00,4.82,4,1302,"8,775.00",6.74,5
24 Hour Pass,2012-07-16,1,5.00,5.00,0,82,395.00,4.82,4,1302,"8,775.00",6.74,5
24 Hour Pass,2012-07-22,1,5.00,5.00,0,82,395.00,4.82,4,1302,"8,775.00",6.74,5
24 Hour Pass,2012-07-25,2,10.00,5.00,0,82,395.00,4.82,4,1302,"8,775.00",6.74,5
24 Hour Pass,2012-07-27,1,5.00,5.00,0,82,395.00,4.82,4,1302,"8,775.00",6.74,5
24 Hour Pass,2012-07-28,1,5.00,5.00,0,82,395.00,4.82,4,1302,"8,775.00",6.74,5
24 Hour Pass,2012-08-01,2,10.00,5.00,0,82,395.00,4.82,4,1302,"8,775.00",6.74,5
24 Hour Pass,2012-08-06,2,10.00,5.00,0,82,395.00,4.82,4,1302,"8,775.00",6.74,5
24 Hour Pass,2012-08-07,1,5.00,5.00,0,82,395.00,4.82,4,1302,"8,775.00",6.74,5
24 Hour Pass,2012-08-23,1,0.00,0.00,1,82,395.00,4.82,4,1302,"8,775.00",6.74,5
24 Hour Pass,2012-08-28,1,5.00,5.00,0,82,395.00,4.82,4,1302,"8,775.00",6.74,5
24 Hour Pass,2012-08-30,1,5.00,5.00,0,82,395.00,4.82,4,1302,"8,775.00",6.74,5
24 Hour Pass,2012-08-31,5,25.00,5.00,0,82,395.00,4.82,4,1302,"8,775.00",6.74,5
24 Hour Pass,2012-09-05,1,5.00,5.00,0,82,395.00,4.82,4,1302,"8,775.00",6.74,5
24 Hour Pass,2012-09-08,2,10.00,5.00,0,82,395.00,4.82,4,1302,"8,775.00",6.74,5
24 Hour Pass,2012-09-15,2,10.00,5.00,0,82,395.00,4.82,4,1302,"8,775.00",6.74,5
24 Hour Pass,2012-09-20,1,5.00,5.00,1,82,395.00,4.82,4,1302,"8,775.00",6.74,5
24 Hour Pass,2012-09-23,2,10.00,5.00,0,82,395.00,4.82,4,1302,"8,775.00",6.74,5
24 Hour Pass,2012-09-25,1,5.00,5.00,0,82,395.00,4.82,4,1302,"8,775.00",6.74,5
24 Hour Pass,2012-09-27,1,5.00,5.00,0,82,395.00,4.82,4,1302,"8,775.00",6.74,5
24 Hour Pass,2012-09-28,1,5.00,5.00,0,82,395.00,4.82,4,1302,"8,775.00",6.74,5
24 Hour Pass,2012-10-06,1,5.00,5.00,0,82,395.00,4.82,4,1302,"8,775.00",6.74,5
24 Hour Pass,2012-10-10,1,5.00,5.00,0,82,395.00,4.82,4,1302,"8,775.00",6.74,5
24 Hour Pass,2012-10-13,2,10.00,5.00,0,82,395.00,4.82,4,1302,"8,775.00",6.74,5
24 Hour Pass,2012-10-20,2,10.00,5.00,0,82,395.00,4.82,4,1302,"8,775.00",6.74,5
24 Hour Pass,2012-10-23,1,5.00,5.00,0,82,395.00,4.82,4,1302,"8,775.00",6.74,5
24 Hour Pass,2012-10-25,1,5.00,5.00,0,82,395.00,4.82,4,1302,"8,775.00",6.74,5
24 Hour Pass,2012-10-26,1,5.00,5.00,0,82,395.00,4.82,4,1302,"8,775.00",6.74,5
24 Hour Pass,2012-10-27,1,5.00,5.00,0,82,395.00,4.82,4,1302,"8,775.00",6.74,5
24 Hour Pass,2012-11-06,1,5.00,5.00,0,82,395.00,4.82,4,1302,"8,775.00",6.74,5
24 Hour Pass,2012-11-08,1,5.00,5.00,0,82,395.00,4.82,4,1302,"8,775.00",6.74,5
24 Hour Pass,2012-11-09,2,10.00,5.00,0,82,395.00,4.82,4,1302,"8,775.00",6.74,5
24 Hour Pass,2012-11-11,1,5.00,5.00,0,82,395.00,4.82,4,1302,"8,775.00",6.74,5
24 Hour Pass,2012-11-14,2,10.00,5.00,0,82,395.00,4.82,4,1302,"8,775.00",6.74,5
24 Hour Pass,2012-11-16,4,20.00,5.00,0,82,395.00,4.82,4,1302,"8,775.00",6.74,5
24 Hour Pass,2012-12-30,1,5.00,5.00,0,82,395.00,4.82,4,1302,"8,775.00",6.74,5
Annual Membership,2012-05-02,5,250.00,50.00,0,50,"2,500.00",50.00,1,1302,"8,775.00",6.74,5
Annual Membership,2012-05-03,4,200.00,50.00,0,50,"2,500.00",50.00,1,1302,"8,775.00",6.74,5
Annual Membership,2012-05-04,5,250.00,50.00,0,50,"2,500.00",50.00,1,1302,"8,775.00",6.74,5
Annual Membership,2012-05-05,4,200.00,50.00,1,50,"2,500.00",50.00,1,1302,"8,775.00",6.74,5
Annual Membership,2012-05-06,2,100.00,50.00,0,50,"2,500.00",50.00,1,1302,"8,775.00",6.74,5
Annual Membership,2012-05-07,1,50.00,50.00,0,50,"2,500.00",50.00,1,1302,"8,775.00",6.74,5
Annual Membership,2012-05-08,3,150.00,50.00,0,50,"2,500.00",50.00,1,1302,"8,775.00",6.74,5
Annual Membership,2012-05-09,1,50.00,50.00,0,50,"2,500.00",50.00,1,1302,"8,775.00",6.74,5
Annual Membership,2012-05-10,1,50.00,50.00,0,50,"2,500.00",50.00,1,1302,"8,775.00",6.74,5
Annual Membership,2012-05-14,1,50.00,50.00,0,50,"2,500.00",50.00,1,1302,"8,775.00",6.74,5
Annual Membership,2012-05-16,1,50.00,50.00,0,50,"2,500.00",50.00,1,1302,"8,775.00",6.74,5
Annual Membership,2012-05-19,1,50.00,50.00,0,50,"2,500.00",50.00,1,1302,"8,775.00",6.74,5
Annual Membership,2012-05-25,1,50.00,50.00,0,50,"2,500.00",50.00,1,1302,"8,775.00",6.74,5
Annual Membership,2012-05-26,1,50.00,50.00,0,50,"2,500.00",50.00,1,1302,"8,775.00",6.74,5
Annual Membership,2012-05-30,2,100.00,50.00,0,50,"2,500.00",50.00,1,1302,"8,775.00",6.74,5
Annual Membership,2012-06-05,1,50.00,50.00,0,50,"2,500.00",50.00,1,1302,"8,775.00",6.74,5
Annual Membership,2012-06-11,1,50.00,50.00,0,50,"2,500.00",50.00,1,1302,"8,775.00",6.74,5
Annual Membership,2012-06-16,1,50.00,50.00,0,50,"2,500.00",50.00,1,1302,"8,775.00",6.74,5
Annual Membership,2012-06-28,3,150.00,50.00,0,50,"2,500.00",50.00,1,1302,"8,775.00",6.74,5
Annual Membership,2012-07-05,1,50.00,50.00,0,50,"2,500.00",50.00,1,1302,"8,775.00",6.74,5
Annual Membership,2012-07-24,1,50.00,50.00,0,50,"2,500.00",50.00,1,1302,"8,775.00",6.74,5
Annual Membership,2012-08-02,1,50.00,50.00,0,50,"2,500.00",50.00,1,1302,"8,775.00",6.74,5
Annual Membership,2012-08-25,1,50.00,50.00,0,50,"2,500.00",50.00,1,1302,"8,775.00",6.74,5
Annual Membership,2012-08-28,1,50.00,50.00,0,50,"2,500.00",50.00,1,1302,"8,775.00",6.74,5
Annual Membership,2012-09-17,2,100.00,50.00,0,50,"2,500.00",50.00,1,1302,"8,775.00",6.74,5
Annual Membership,2012-10-16,1,50.00,50.00,0,50,"2,500.00",50.00,1,1302,"8,775.00",6.74,5
Annual Membership,2012-10-31,1,50.00,50.00,0,50,"2,500.00",50.00,1,1302,"8,775.00",6.74,5
Annual Membership,2012-12-18,1,50.00,50.00,0,50,"2,500.00",50.00,1,1302,"8,775.00",6.74,5
Annual Membership,2012-12-26,1,50.00,50.00,0,50,"2,500.00",50.00,1,1302,"8,775.00",6.74,5
Monthly Membership,2012-05-20,1,15.00,15.00,0,3,45.00,15.00,0,1302,"8,775.00",6.74,5
Monthly Membership,2012-05-21,1,15.00,15.00,0,3,45.00,15.00,0,1302,"8,775.00",6.74,5
Monthly Membership,2012-08-19,1,15.00,15.00,0,3,45.00,15.00,0,1302,"8,775.00",6.74,5

Chart1_SeriesGroup_label,Chart1_SeriesGroup_Chart1_CategoryGroup_label,Chart1_SeriesGroup_Chart1_CategoryGroup_Value_Y
24 Hour Kiosk,2012-05-01,1
24 Hour Kiosk,2012-05-02,5
24 Hour Kiosk,2012-05-03,0
24 Hour Kiosk,2012-05-04,5
24 Hour Kiosk,2012-05-05,13
24 Hour Kiosk,2012-05-06,20
24 Hour Kiosk,2012-05-07,1
24 Hour Kiosk,2012-05-08,2
24 Hour Kiosk,2012-05-09,2
24 Hour Kiosk,2012-05-10,5
24 Hour Kiosk,2012-05-11,3
24 Hour Kiosk,2012-05-12,13
24 Hour Kiosk,2012-05-13,21
24 Hour Kiosk,2012-05-14,1
24 Hour Kiosk,2012-05-15,5
24 Hour Kiosk,2012-05-16,3
24 Hour Kiosk,2012-05-17,5
24 Hour Kiosk,2012-05-18,6
24 Hour Kiosk,2012-05-19,22
24 Hour Kiosk,2012-05-20,12
24 Hour Kiosk,2012-05-21,2
24 Hour Kiosk,2012-05-22,2
24 Hour Kiosk,2012-05-23,6
24 Hour Kiosk,2012-05-24,3
24 Hour Kiosk,2012-05-25,6
24 Hour Kiosk,2012-05-26,8
24 Hour Kiosk,2012-05-27,16
24 Hour Kiosk,2012-05-28,17
24 Hour Kiosk,2012-05-29,4
24 Hour Kiosk,2012-05-30,3
24 Hour Kiosk,2012-05-31,7
24 Hour Kiosk,2012-06-01,10
24 Hour Kiosk,2012-06-02,6
24 Hour Kiosk,2012-06-03,9
24 Hour Kiosk,2012-06-04,2
24 Hour Kiosk,2012-06-05,2
24 Hour Kiosk,2012-06-06,3
24 Hour Kiosk,2012-06-07,3
24 Hour Kiosk,2012-06-08,6
24 Hour Kiosk,2012-06-09,6
24 Hour Kiosk,2012-06-10,8
24 Hour Kiosk,2012-06-11,5
24 Hour Kiosk,2012-06-13,7
24 Hour Kiosk,2012-06-14,3
24 Hour Kiosk,2012-06-15,1
24 Hour Kiosk,2012-06-16,8
24 Hour Kiosk,2012-06-17,5
24 Hour Kiosk,2012-06-18,2
24 Hour Kiosk,2012-06-19,1
24 Hour Kiosk,2012-06-20,4
24 Hour Kiosk,2012-06-21,2
24 Hour Kiosk,2012-06-22,3
24 Hour Kiosk,2012-06-23,16
24 Hour Kiosk,2012-06-24,2
24 Hour Kiosk,2012-06-25,13
24 Hour Kiosk,2012-06-26,4
24 Hour Kiosk,2012-06-27,4
24 Hour Kiosk,2012-06-28,5
24 Hour Kiosk,2012-06-29,12
24 Hour Kiosk,2012-06-30,6
24 Hour Kiosk,2012-07-01,6
24 Hour Kiosk,2012-07-02,1
24 Hour Kiosk,2012-07-03,3
24 Hour Kiosk,2012-07-04,16
24 Hour Kiosk,2012-07-05,1
24 Hour Kiosk,2012-07-06,1
24 Hour Kiosk,2012-07-07,7
24 Hour Kiosk,2012-07-08,6
24 Hour Kiosk,2012-07-10,4
24 Hour Kiosk,2012-07-11,2
24 Hour Kiosk,2012-07-12,4
24 Hour Kiosk,2012-07-14,5
24 Hour Kiosk,2012-07-15,6
24 Hour Kiosk,2012-07-16,4
24 Hour Kiosk,2012-07-17,1
24 Hour Kiosk,2012-07-18,6
24 Hour Kiosk,2012-07-19,2
24 Hour Kiosk,2012-07-21,7
24 Hour Kiosk,2012-07-22,9
24 Hour Kiosk,2012-07-23,1
24 Hour Kiosk,2012-07-24,3
24 Hour Kiosk,2012-07-25,4
24 Hour Kiosk,2012-07-26,5
24 Hour Kiosk,2012-07-27,10
24 Hour Kiosk,2012-07-28,20
24 Hour Kiosk,2012-07-29,10
24 Hour Kiosk,2012-07-30,4
24 Hour Kiosk,2012-08-01,1
24 Hour Kiosk,2012-08-02,1
24 Hour Kiosk,2012-08-03,4
24 Hour Kiosk,2012-08-04,4
24 Hour Kiosk,2012-08-05,9
24 Hour Kiosk,2012-08-06,5
24 Hour Kiosk,2012-08-07,0
24 Hour Kiosk,2012-08-09,2
24 Hour Kiosk,2012-08-11,6
24 Hour Kiosk,2012-08-12,7
24 Hour Kiosk,2012-08-13,7
24 Hour Kiosk,2012-08-14,2
24 Hour Kiosk,2012-08-15,6
24 Hour Kiosk,2012-08-16,5
24 Hour Kiosk,2012-08-17,4
24 Hour Kiosk,2012-08-18,5
24 Hour Kiosk,2012-08-19,5
24 Hour Kiosk,2012-08-20,3
24 Hour Kiosk,2012-08-21,2
24 Hour Kiosk,2012-08-22,2
24 Hour Kiosk,2012-08-23,2
24 Hour Kiosk,2012-08-24,2
24 Hour Kiosk,2012-08-25,8
24 Hour Kiosk,2012-08-26,7
24 Hour Kiosk,2012-08-27,5
24 Hour Kiosk,2012-08-28,0
24 Hour Kiosk,2012-08-29,1
24 Hour Kiosk,2012-08-30,3
24 Hour Kiosk,2012-08-31,15
24 Hour Kiosk,2012-09-01,3
24 Hour Kiosk,2012-09-02,13
24 Hour Kiosk,2012-09-03,12
24 Hour Kiosk,2012-09-04,4
24 Hour Kiosk,2012-09-05,4
24 Hour Kiosk,2012-09-07,2
24 Hour Kiosk,2012-09-08,20
24 Hour Kiosk,2012-09-09,18
24 Hour Kiosk,2012-09-10,7
24 Hour Kiosk,2012-09-11,5
24 Hour Kiosk,2012-09-12,1
24 Hour Kiosk,2012-09-14,13
24 Hour Kiosk,2012-09-15,8
24 Hour Kiosk,2012-09-16,4
24 Hour Kiosk,2012-09-17,8
24 Hour Kiosk,2012-09-18,1
24 Hour Kiosk,2012-09-20,7
24 Hour Kiosk,2012-09-21,4
24 Hour Kiosk,2012-09-22,11
24 Hour Kiosk,2012-09-23,11
24 Hour Kiosk,2012-09-24,5
24 Hour Kiosk,2012-09-25,3
24 Hour Kiosk,2012-09-27,6
24 Hour Kiosk,2012-09-28,8
24 Hour Kiosk,2012-09-30,9
24 Hour Kiosk,2012-10-01,3
24 Hour Kiosk,2012-10-02,6
24 Hour Kiosk,2012-10-04,4
24 Hour Kiosk,2012-10-05,6
24 Hour Kiosk,2012-10-06,16
24 Hour Kiosk,2012-10-07,2
24 Hour Kiosk,2012-10-08,2
24 Hour Kiosk,2012-10-09,1
24 Hour Kiosk,2012-10-10,1
24 Hour Kiosk,2012-10-13,4
24 Hour Kiosk,2012-10-14,4
24 Hour Kiosk,2012-10-15,2
24 Hour Kiosk,2012-10-16,0
24 Hour Kiosk,2012-10-17,4
24 Hour Kiosk,2012-10-18,1
24 Hour Kiosk,2012-10-20,9
24 Hour Kiosk,2012-10-21,2
24 Hour Kiosk,2012-10-22,3
24 Hour Kiosk,2012-10-23,2
24 Hour Kiosk,2012-10-25,1
24 Hour Kiosk,2012-10-26,14
24 Hour Kiosk,2012-10-27,8
24 Hour Kiosk,2012-10-28,12
24 Hour Kiosk,2012-10-31,2
24 Hour Kiosk,2012-11-02,3
24 Hour Kiosk,2012-11-03,2
24 Hour Kiosk,2012-11-04,9
24 Hour Kiosk,2012-11-05,2
24 Hour Kiosk,2012-11-06,1
24 Hour Kiosk,2012-11-07,2
24 Hour Kiosk,2012-11-08,2
24 Hour Kiosk,2012-11-09,1
24 Hour Kiosk,2012-11-10,14
24 Hour Kiosk,2012-11-11,0
24 Hour Kiosk,2012-11-12,5
24 Hour Kiosk,2012-11-13,3
24 Hour Kiosk,2012-11-14,0
24 Hour Kiosk,2012-11-15,3
24 Hour Kiosk,2012-11-16,1
24 Hour Kiosk,2012-11-17,12
24 Hour Kiosk,2012-11-18,10
24 Hour Kiosk,2012-11-20,2
24 Hour Kiosk,2012-11-21,5
24 Hour Kiosk,2012-11-22,11
24 Hour Kiosk,2012-11-23,5
24 Hour Kiosk,2012-11-24,7
24 Hour Kiosk,2012-11-25,15
24 Hour Kiosk,2012-11-26,2
24 Hour Kiosk,2012-11-29,7
24 Hour Kiosk,2012-11-30,13
24 Hour Kiosk,2012-12-01,5
24 Hour Kiosk,2012-12-02,3
24 Hour Kiosk,2012-12-05,2
24 Hour Kiosk,2012-12-07,3
24 Hour Kiosk,2012-12-08,11
24 Hour Kiosk,2012-12-09,11
24 Hour Kiosk,2012-12-10,1
24 Hour Kiosk,2012-12-11,8
24 Hour Kiosk,2012-12-14,2
24 Hour Kiosk,2012-12-15,4
24 Hour Kiosk,2012-12-17,5
24 Hour Kiosk,2012-12-18,1
24 Hour Kiosk,2012-12-19,3
24 Hour Kiosk,2012-12-21,1
24 Hour Kiosk,2012-12-22,2
24 Hour Kiosk,2012-12-23,7
24 Hour Kiosk,2012-12-24,5
24 Hour Kiosk,2012-12-26,0
24 Hour Kiosk,2012-12-27,5
24 Hour Kiosk,2012-12-28,3
24 Hour Kiosk,2012-12-30,4
24 Hour Pass,2012-05-01,0
24 Hour Pass,2012-05-02,1
24 Hour Pass,2012-05-03,2
24 Hour Pass,2012-05-04,3
24 Hour Pass,2012-05-05,0
24 Hour Pass,2012-05-06,1
24 Hour Pass,2012-05-07,0
24 Hour Pass,2012-05-08,0
24 Hour Pass,2012-05-09,1
24 Hour Pass,2012-05-10,0
24 Hour Pass,2012-05-11,0
24 Hour Pass,2012-05-12,0
24 Hour Pass,2012-05-13,1
24 Hour Pass,2012-05-14,0
24 Hour Pass,2012-05-15,0
24 Hour Pass,2012-05-16,0
24 Hour Pass,2012-05-17,0
24 Hour Pass,2012-05-18,1
24 Hour Pass,2012-05-19,0
24 Hour Pass,2012-05-20,0
24 Hour Pass,2012-05-21,0
24 Hour Pass,2012-05-22,0
24 Hour Pass,2012-05-23,0
24 Hour Pass,2012-05-24,0
24 Hour Pass,2012-05-25,0
24 Hour Pass,2012-05-26,0
24 Hour Pass,2012-05-27,0
24 Hour Pass,2012-05-28,2
24 Hour Pass,2012-05-29,0
24 Hour Pass,2012-05-30,0
24 Hour Pass,2012-05-31,0
24 Hour Pass,2012-06-01,0
24 Hour Pass,2012-06-02,1
24 Hour Pass,2012-06-03,0
24 Hour Pass,2012-06-04,0
24 Hour Pass,2012-06-05,0
24 Hour Pass,2012-06-06,0
24 Hour Pass,2012-06-07,0
24 Hour Pass,2012-06-08,1
24 Hour Pass,2012-06-09,0
24 Hour Pass,2012-06-10,0
24 Hour Pass,2012-06-11,0
24 Hour Pass,2012-06-13,0
24 Hour Pass,2012-06-14,0
24 Hour Pass,2012-06-15,2
24 Hour Pass,2012-06-16,0
24 Hour Pass,2012-06-17,0
24 Hour Pass,2012-06-18,0
24 Hour Pass,2012-06-19,0
24 Hour Pass,2012-06-20,2
24 Hour Pass,2012-06-21,0
24 Hour Pass,2012-06-22,0
24 Hour Pass,2012-06-23,1
24 Hour Pass,2012-06-24,2
24 Hour Pass,2012-06-25,0
24 Hour Pass,2012-06-26,3
24 Hour Pass,2012-06-27,0
24 Hour Pass,2012-06-28,0
24 Hour Pass,2012-06-29,1
24 Hour Pass,2012-06-30,0
24 Hour Pass,2012-07-01,0
24 Hour Pass,2012-07-02,0
24 Hour Pass,2012-07-03,0
24 Hour Pass,2012-07-04,1
24 Hour Pass,2012-07-05,1
24 Hour Pass,2012-07-06,0
24 Hour Pass,2012-07-07,0
24 Hour Pass,2012-07-08,0
24 Hour Pass,2012-07-10,2
24 Hour Pass,2012-07-11,0
24 Hour Pass,2012-07-12,0
24 Hour Pass,2012-07-14,0
24 Hour Pass,2012-07-15,1
24 Hour Pass,2012-07-16,1
24 Hour Pass,2012-07-17,0
24 Hour Pass,2012-07-18,0
24 Hour Pass,2012-07-19,0
24 Hour Pass,2012-07-21,0
24 Hour Pass,2012-07-22,1
24 Hour Pass,2012-07-23,0
24 Hour Pass,2012-07-24,0
24 Hour Pass,2012-07-25,2
24 Hour Pass,2012-07-26,0
24 Hour Pass,2012-07-27,1
24 Hour Pass,2012-07-28,1
24 Hour Pass,2012-07-29,0
24 Hour Pass,2012-07-30,0
24 Hour Pass,2012-08-01,2
24 Hour Pass,2012-08-02,0
24 Hour Pass,2012-08-03,0
24 Hour Pass,2012-08-04,0
24 Hour Pass,2012-08-05,0
24 Hour Pass,2012-08-06,2
24 Hour Pass,2012-08-07,1
24 Hour Pass,2012-08-09,0
24 Hour Pass,2012-08-11,0
24 Hour Pass,2012-08-12,0
24 Hour Pass,2012-08-13,0
24 Hour Pass,2012-08-14,0
24 Hour Pass,2012-08-15,0
24 Hour Pass,2012-08-16,0
24 Hour Pass,2012-08-17,0
24 Hour Pass,2012-08-18,0
24 Hour Pass,2012-08-19,0
24 Hour Pass,2012-08-20,0
24 Hour Pass,2012-08-21,0
24 Hour Pass,2012-08-22,0
24 Hour Pass,2012-08-23,1
24 Hour Pass,2012-08-24,0
24 Hour Pass,2012-08-25,0
24 Hour Pass,2012-08-26,0
24 Hour Pass,2012-08-27,0
24 Hour Pass,2012-08-28,1
24 Hour Pass,2012-08-29,0
24 Hour Pass,2012-08-30,1
24 Hour Pass,2012-08-31,5
24 Hour Pass,2012-09-01,0
24 Hour Pass,2012-09-02,0
24 Hour Pass,2012-09-03,0
24 Hour Pass,2012-09-04,0
24 Hour Pass,2012-09-05,1
24 Hour Pass,2012-09-07,0
24 Hour Pass,2012-09-08,2
24 Hour Pass,2012-09-09,0
24 Hour Pass,2012-09-10,0
24 Hour Pass,2012-09-11,0
24 Hour Pass,2012-09-12,0
24 Hour Pass,2012-09-14,0
24 Hour Pass,2012-09-15,2
24 Hour Pass,2012-09-16,0
24 Hour Pass,2012-09-17,0
24 Hour Pass,2012-09-18,0
24 Hour Pass,2012-09-20,1
24 Hour Pass,2012-09-21,0
24 Hour Pass,2012-09-22,0
24 Hour Pass,2012-09-23,2
24 Hour Pass,2012-09-24,0
24 Hour Pass,2012-09-25,1
24 Hour Pass,2012-09-27,1
24 Hour Pass,2012-09-28,1
24 Hour Pass,2012-09-30,0
24 Hour Pass,2012-10-01,0
24 Hour Pass,2012-10-02,0
24 Hour Pass,2012-10-04,0
24 Hour Pass,2012-10-05,0
24 Hour Pass,2012-10-06,1
24 Hour Pass,2012-10-07,0
24 Hour Pass,2012-10-08,0
24 Hour Pass,2012-10-09,0
24 Hour Pass,2012-10-10,1
24 Hour Pass,2012-10-13,2
24 Hour Pass,2012-10-14,0
24 Hour Pass,2012-10-15,0
24 Hour Pass,2012-10-16,0
24 Hour Pass,2012-10-17,0
24 Hour Pass,2012-10-18,0
24 Hour Pass,2012-10-20,2
24 Hour Pass,2012-10-21,0
24 Hour Pass,2012-10-22,0
24 Hour Pass,2012-10-23,1
24 Hour Pass,2012-10-25,1
24 Hour Pass,2012-10-26,1
24 Hour Pass,2012-10-27,1
24 Hour Pass,2012-10-28,0
24 Hour Pass,2012-10-31,0
24 Hour Pass,2012-11-02,0
24 Hour Pass,2012-11-03,0
24 Hour Pass,2012-11-04,0
24 Hour Pass,2012-11-05,0
24 Hour Pass,2012-11-06,1
24 Hour Pass,2012-11-07,0
24 Hour Pass,2012-11-08,1
24 Hour Pass,2012-11-09,2
24 Hour Pass,2012-11-10,0
24 Hour Pass,2012-11-11,1
24 Hour Pass,2012-11-12,0
24 Hour Pass,2012-11-13,0
24 Hour Pass,2012-11-14,2
24 Hour Pass,2012-11-15,0
24 Hour Pass,2012-11-16,4
24 Hour Pass,2012-11-17,0
24 Hour Pass,2012-11-18,0
24 Hour Pass,2012-11-20,0
24 Hour Pass,2012-11-21,0
24 Hour Pass,2012-11-22,0
24 Hour Pass,2012-11-23,0
24 Hour Pass,2012-11-24,0
24 Hour Pass,2012-11-25,0
24 Hour Pass,2012-11-26,0
24 Hour Pass,2012-11-29,0
24 Hour Pass,2012-11-30,0
24 Hour Pass,2012-12-01,0
24 Hour Pass,2012-12-02,0
24 Hour Pass,2012-12-05,0
24 Hour Pass,2012-12-07,0
24 Hour Pass,2012-12-08,0
24 Hour Pass,2012-12-09,0
24 Hour Pass,2012-12-10,0
24 Hour Pass,2012-12-11,0
24 Hour Pass,2012-12-14,0
24 Hour Pass,2012-12-15,0
24 Hour Pass,2012-12-17,0
24 Hour Pass,2012-12-18,0
24 Hour Pass,2012-12-19,0
24 Hour Pass,2012-12-21,0
24 Hour Pass,2012-12-22,0
24 Hour Pass,2012-12-23,0
24 Hour Pass,2012-12-24,0
24 Hour Pass,2012-12-26,0
24 Hour Pass,2012-12-27,0
24 Hour Pass,2012-12-28,0
24 Hour Pass,2012-12-30,1
Annual Membership,2012-05-01,0
Annual Membership,2012-05-02,5
Annual Membership,2012-05-03,4
Annual Membership,2012-05-04,5
Annual Membership,2012-05-05,4
Annual Membership,2012-05-06,2
Annual Membership,2012-05-07,1
Annual Membership,2012-05-08,3
Annual Membership,2012-05-09,1
Annual Membership,2012-05-10,1
Annual Membership,2012-05-11,0
Annual Membership,2012-05-12,0
Annual Membership,2012-05-13,0
Annual Membership,2012-05-14,1
Annual Membership,2012-05-15,0
Annual Membership,2012-05-16,1
Annual Membership,2012-05-17,0
Annual Membership,2012-05-18,0
Annual Membership,2012-05-19,1
Annual Membership,2012-05-20,0
Annual Membership,2012-05-21,0
Annual Membership,2012-05-22,0
Annual Membership,2012-05-23,0
Annual Membership,2012-05-24,0
Annual Membership,2012-05-25,1
Annual Membership,2012-05-26,1
Annual Membership,2012-05-27,0
Annual Membership,2012-05-28,0
Annual Membership,2012-05-29,0
Annual Membership,2012-05-30,2
Annual Membership,2012-05-31,0
Annual Membership,2012-06-01,0
Annual Membership,2012-06-02,0
Annual Membership,2012-06-03,0
Annual Membership,2012-06-04,0
Annual Membership,2012-06-05,1
Annual Membership,2012-06-06,0
Annual Membership,2012-06-07,0
Annual Membership,2012-06-08,0
Annual Membership,2012-06-09,0
Annual Membership,2012-06-10,0
Annual Membership,2012-06-11,1
Annual Membership,2012-06-13,0
Annual Membership,2012-06-14,0
Annual Membership,2012-06-15,0
Annual Membership,2012-06-16,1
Annual Membership,2012-06-17,0
Annual Membership,2012-06-18,0
Annual Membership,2012-06-19,0
Annual Membership,2012-06-20,0
Annual Membership,2012-06-21,0
Annual Membership,2012-06-22,0
Annual Membership,2012-06-23,0
Annual Membership,2012-06-24,0
Annual Membership,2012-06-25,0
Annual Membership,2012-06-26,0
Annual Membership,2012-06-27,0
Annual Membership,2012-06-28,3
Annual Membership,2012-06-29,0
Annual Membership,2012-06-30,0
Annual Membership,2012-07-01,0
Annual Membership,2012-07-02,0
Annual Membership,2012-07-03,0
Annual Membership,2012-07-04,0
Annual Membership,2012-07-05,1
Annual Membership,2012-07-06,0
Annual Membership,2012-07-07,0
Annual Membership,2012-07-08,0
Annual Membership,2012-07-10,0
Annual Membership,2012-07-11,0
Annual Membership,2012-07-12,0
Annual Membership,2012-07-14,0
Annual Membership,2012-07-15,0
Annual Membership,2012-07-16,0
Annual Membership,2012-07-17,0
Annual Membership,2012-07-18,0
Annual Membership,2012-07-19,0
Annual Membership,2012-07-21,0
Annual Membership,2012-07-22,0
Annual Membership,2012-07-23,0
Annual Membership,2012-07-24,1
Annual Membership,2012-07-25,0
Annual Membership,2012-07-26,0
Annual Membership,2012-07-27,0
Annual Membership,2012-07-28,0
Annual Membership,2012-07-29,0
Annual Membership,2012-07-30,0
Annual Membership,2012-08-01,0
Annual Membership,2012-08-02,1
Annual Membership,2012-08-03,0
Annual Membership,2012-08-04,0
Annual Membership,2012-08-05,0
Annual Membership,2012-08-06,0
Annual Membership,2012-08-07,0
Annual Membership,2012-08-09,0
Annual Membership,2012-08-11,0
Annual Membership,2012-08-12,0
Annual Membership,2012-08-13,0
Annual Membership,2012-08-14,0
Annual Membership,2012-08-15,0
Annual Membership,2012-08-16,0
Annual Membership,2012-08-17,0
Annual Membership,2012-08-18,0
Annual Membership,2012-08-19,0
Annual Membership,2012-08-20,0
Annual Membership,2012-08-21,0
Annual Membership,2012-08-22,0
Annual Membership,2012-08-23,0
Annual Membership,2012-08-24,0
Annual Membership,2012-08-25,1
Annual Membership,2012-08-26,0
Annual Membership,2012-08-27,0
Annual Membership,2012-08-28,1
Annual Membership,2012-08-29,0
Annual Membership,2012-08-30,0
Annual Membership,2012-08-31,0
Annual Membership,2012-09-01,0
Annual Membership,2012-09-02,0
Annual Membership,2012-09-03,0
Annual Membership,2012-09-04,0
Annual Membership,2012-09-05,0
Annual Membership,2012-09-07,0
Annual Membership,2012-09-08,0
Annual Membership,2012-09-09,0
Annual Membership,2012-09-10,0
Annual Membership,2012-09-11,0
Annual Membership,2012-09-12,0
Annual Membership,2012-09-14,0
Annual Membership,2012-09-15,0
Annual Membership,2012-09-16,0
Annual Membership,2012-09-17,2
Annual Membership,2012-09-18,0
Annual Membership,2012-09-20,0
Annual Membership,2012-09-21,0
Annual Membership,2012-09-22,0
Annual Membership,2012-09-23,0
Annual Membership,2012-09-24,0
Annual Membership,2012-09-25,0
Annual Membership,2012-09-27,0
Annual Membership,2012-09-28,0
Annual Membership,2012-09-30,0
Annual Membership,2012-10-01,0
Annual Membership,2012-10-02,0
Annual Membership,2012-10-04,0
Annual Membership,2012-10-05,0
Annual Membership,2012-10-06,0
Annual Membership,2012-10-07,0
Annual Membership,2012-10-08,0
Annual Membership,2012-10-09,0
Annual Membership,2012-10-10,0
Annual Membership,2012-10-13,0
Annual Membership,2012-10-14,0
Annual Membership,2012-10-15,0
Annual Membership,2012-10-16,1
Annual Membership,2012-10-17,0
Annual Membership,2012-10-18,0
Annual Membership,2012-10-20,0
Annual Membership,2012-10-21,0
Annual Membership,2012-10-22,0
Annual Membership,2012-10-23,0
Annual Membership,2012-10-25,0
Annual Membership,2012-10-26,0
Annual Membership,2012-10-27,0
Annual Membership,2012-10-28,0
Annual Membership,2012-10-31,1
Annual Membership,2012-11-02,0
Annual Membership,2012-11-03,0
Annual Membership,2012-11-04,0
Annual Membership,2012-11-05,0
Annual Membership,2012-11-06,0
Annual Membership,2012-11-07,0
Annual Membership,2012-11-08,0
Annual Membership,2012-11-09,0
Annual Membership,2012-11-10,0
Annual Membership,2012-11-11,0
Annual Membership,2012-11-12,0
Annual Membership,2012-11-13,0
Annual Membership,2012-11-14,0
Annual Membership,2012-11-15,0
Annual Membership,2012-11-16,0
Annual Membership,2012-11-17,0
Annual Membership,2012-11-18,0
Annual Membership,2012-11-20,0
Annual Membership,2012-11-21,0
Annual Membership,2012-11-22,0
Annual Membership,2012-11-23,0
Annual Membership,2012-11-24,0
Annual Membership,2012-11-25,0
Annual Membership,2012-11-26,0
Annual Membership,2012-11-29,0
Annual Membership,2012-11-30,0
Annual Membership,2012-12-01,0
Annual Membership,2012-12-02,0
Annual Membership,2012-12-05,0
Annual Membership,2012-12-07,0
Annual Membership,2012-12-08,0
Annual Membership,2012-12-09,0
Annual Membership,2012-12-10,0
Annual Membership,2012-12-11,0
Annual Membership,2012-12-14,0
Annual Membership,2012-12-15,0
Annual Membership,2012-12-17,0
Annual Membership,2012-12-18,1
Annual Membership,2012-12-19,0
Annual Membership,2012-12-21,0
Annual Membership,2012-12-22,0
Annual Membership,2012-12-23,0
Annual Membership,2012-12-24,0
Annual Membership,2012-12-26,1
Annual Membership,2012-12-27,0
Annual Membership,2012-12-28,0
Annual Membership,2012-12-30,0
Monthly Membership,2012-05-01,0
Monthly Membership,2012-05-02,0
Monthly Membership,2012-05-03,0
Monthly Membership,2012-05-04,0
Monthly Membership,2012-05-05,0
Monthly Membership,2012-05-06,0
Monthly Membership,2012-05-07,0
Monthly Membership,2012-05-08,0
Monthly Membership,2012-05-09,0
Monthly Membership,2012-05-10,0
Monthly Membership,2012-05-11,0
Monthly Membership,2012-05-12,0
Monthly Membership,2012-05-13,0
Monthly Membership,2012-05-14,0
Monthly Membership,2012-05-15,0
Monthly Membership,2012-05-16,0
Monthly Membership,2012-05-17,0
Monthly Membership,2012-05-18,0
Monthly Membership,2012-05-19,0
Monthly Membership,2012-05-20,1
Monthly Membership,2012-05-21,1
Monthly Membership,2012-05-22,0
Monthly Membership,2012-05-23,0
Monthly Membership,2012-05-24,0
Monthly Membership,2012-05-25,0
Monthly Membership,2012-05-26,0
Monthly Membership,2012-05-27,0
Monthly Membership,2012-05-28,0
Monthly Membership,2012-05-29,0
Monthly Membership,2012-05-30,0
Monthly Membership,2012-05-31,0
Monthly Membership,2012-06-01,0
Monthly Membership,2012-06-02,0
Monthly Membership,2012-06-03,0
Monthly Membership,2012-06-04,0
Monthly Membership,2012-06-05,0
Monthly Membership,2012-06-06,0
Monthly Membership,2012-06-07,0
Monthly Membership,2012-06-08,0
Monthly Membership,2012-06-09,0
Monthly Membership,2012-06-10,0
Monthly Membership,2012-06-11,0
Monthly Membership,2012-06-13,0
Monthly Membership,2012-06-14,0
Monthly Membership,2012-06-15,0
Monthly Membership,2012-06-16,0
Monthly Membership,2012-06-17,0
Monthly Membership,2012-06-18,0
Monthly Membership,2012-06-19,0
Monthly Membership,2012-06-20,0
Monthly Membership,2012-06-21,0
Monthly Membership,2012-06-22,0
Monthly Membership,2012-06-23,0
Monthly Membership,2012-06-24,0
Monthly Membership,2012-06-25,0
Monthly Membership,2012-06-26,0
Monthly Membership,2012-06-27,0
Monthly Membership,2012-06-28,0
Monthly Membership,2012-06-29,0
Monthly Membership,2012-06-30,0
Monthly Membership,2012-07-01,0
Monthly Membership,2012-07-02,0
Monthly Membership,2012-07-03,0
Monthly Membership,2012-07-04,0
Monthly Membership,2012-07-05,0
Monthly Membership,2012-07-06,0
Monthly Membership,2012-07-07,0
Monthly Membership,2012-07-08,0
Monthly Membership,2012-07-10,0
Monthly Membership,2012-07-11,0
Monthly Membership,2012-07-12,0
Monthly Membership,2012-07-14,0
Monthly Membership,2012-07-15,0
Monthly Membership,2012-07-16,0
Monthly Membership,2012-07-17,0
Monthly Membership,2012-07-18,0
Monthly Membership,2012-07-19,0
Monthly Membership,2012-07-21,0
Monthly Membership,2012-07-22,0
Monthly Membership,2012-07-23,0
Monthly Membership,2012-07-24,0
Monthly Membership,2012-07-25,0
Monthly Membership,2012-07-26,0
Monthly Membership,2012-07-27,0
Monthly Membership,2012-07-28,0
Monthly Membership,2012-07-29,0
Monthly Membership,2012-07-30,0
Monthly Membership,2012-08-01,0
Monthly Membership,2012-08-02,0
Monthly Membership,2012-08-03,0
Monthly Membership,2012-08-04,0
Monthly Membership,2012-08-05,0
Monthly Membership,2012-08-06,0
Monthly Membership,2012-08-07,0
Monthly Membership,2012-08-09,0
Monthly Membership,2012-08-11,0
Monthly Membership,2012-08-12,0
Monthly Membership,2012-08-13,0
Monthly Membership,2012-08-14,0
Monthly Membership,2012-08-15,0
Monthly Membership,2012-08-16,0
Monthly Membership,2012-08-17,0
Monthly Membership,2012-08-18,0
Monthly Membership,2012-08-19,1
Monthly Membership,2012-08-20,0
Monthly Membership,2012-08-21,0
Monthly Membership,2012-08-22,0
Monthly Membership,2012-08-23,0
Monthly Membership,2012-08-24,0
Monthly Membership,2012-08-25,0
Monthly Membership,2012-08-26,0
Monthly Membership,2012-08-27,0
Monthly Membership,2012-08-28,0
Monthly Membership,2012-08-29,0
Monthly Membership,2012-08-30,0
Monthly Membership,2012-08-31,0
Monthly Membership,2012-09-01,0
Monthly Membership,2012-09-02,0
Monthly Membership,2012-09-03,0
Monthly Membership,2012-09-04,0
Monthly Membership,2012-09-05,0
Monthly Membership,2012-09-07,0
Monthly Membership,2012-09-08,0
Monthly Membership,2012-09-09,0
Monthly Membership,2012-09-10,0
Monthly Membership,2012-09-11,0
Monthly Membership,2012-09-12,0
Monthly Membership,2012-09-14,0
Monthly Membership,2012-09-15,0
Monthly Membership,2012-09-16,0
Monthly Membership,2012-09-17,0
Monthly Membership,2012-09-18,0
Monthly Membership,2012-09-20,0
Monthly Membership,2012-09-21,0
Monthly Membership,2012-09-22,0
Monthly Membership,2012-09-23,0
Monthly Membership,2012-09-24,0
Monthly Membership,2012-09-25,0
Monthly Membership,2012-09-27,0
Monthly Membership,2012-09-28,0
Monthly Membership,2012-09-30,0
Monthly Membership,2012-10-01,0
Monthly Membership,2012-10-02,0
Monthly Membership,2012-10-04,0
Monthly Membership,2012-10-05,0
Monthly Membership,2012-10-06,0
Monthly Membership,2012-10-07,0
Monthly Membership,2012-10-08,0
Monthly Membership,2012-10-09,0
Monthly Membership,2012-10-10,0
Monthly Membership,2012-10-13,0
Monthly Membership,2012-10-14,0
Monthly Membership,2012-10-15,0
Monthly Membership,2012-10-16,0
Monthly Membership,2012-10-17,0
Monthly Membership,2012-10-18,0
Monthly Membership,2012-10-20,0
Monthly Membership,2012-10-21,0
Monthly Membership,2012-10-22,0
Monthly Membership,2012-10-23,0
Monthly Membership,2012-10-25,0
Monthly Membership,2012-10-26,0
Monthly Membership,2012-10-27,0
Monthly Membership,2012-10-28,0
Monthly Membership,2012-10-31,0
Monthly Membership,2012-11-02,0
Monthly Membership,2012-11-03,0
Monthly Membership,2012-11-04,0
Monthly Membership,2012-11-05,0
Monthly Membership,2012-11-06,0
Monthly Membership,2012-11-07,0
Monthly Membership,2012-11-08,0
Monthly Membership,2012-11-09,0
Monthly Membership,2012-11-10,0
Monthly Membership,2012-11-11,0
Monthly Membership,2012-11-12,0
Monthly Membership,2012-11-13,0
Monthly Membership,2012-11-14,0
Monthly Membership,2012-11-15,0
Monthly Membership,2012-11-16,0
Monthly Membership,2012-11-17,0
Monthly Membership,2012-11-18,0
Monthly Membership,2012-11-20,0
Monthly Membership,2012-11-21,0
Monthly Membership,2012-11-22,0
Monthly Membership,2012-11-23,0
Monthly Membership,2012-11-24,0
Monthly Membership,2012-11-25,0
Monthly Membership,2012-11-26,0
Monthly Membership,2012-11-29,0
Monthly Membership,2012-11-30,0
Monthly Membership,2012-12-01,0
Monthly Membership,2012-12-02,0
Monthly Membership,2012-12-05,0
Monthly Membership,2012-12-07,0
Monthly Membership,2012-12-08,0
Monthly Membership,2012-12-09,0
Monthly Membership,2012-12-10,0
Monthly Membership,2012-12-11,0
Monthly Membership,2012-12-14,0
Monthly Membership,2012-12-15,0
Monthly Membership,2012-12-17,0
Monthly Membership,2012-12-18,0
Monthly Membership,2012-12-19,0
Monthly Membership,2012-12-21,0
Monthly Membership,2012-12-22,0
Monthly Membership,2012-12-23,0
Monthly Membership,2012-12-24,0
Monthly Membership,2012-12-26,0
Monthly Membership,2012-12-27,0
Monthly Membership,2012-12-28,0
Monthly Membership,2012-12-30,0

Chart2_SeriesGroup_label,Chart2_SeriesGroup_Chart2_CategoryGroup_label,Chart2_SeriesGroup_Chart2_CategoryGroup_Value_Y
24 Hour Kiosk,2012-05-01,5.00
24 Hour Kiosk,2012-05-02,25.00
24 Hour Kiosk,2012-05-03,
24 Hour Kiosk,2012-05-04,25.00
24 Hour Kiosk,2012-05-05,65.00
24 Hour Kiosk,2012-05-06,100.00
24 Hour Kiosk,2012-05-07,5.00
24 Hour Kiosk,2012-05-08,10.00
24 Hour Kiosk,2012-05-09,10.00
24 Hour Kiosk,2012-05-10,25.00
24 Hour Kiosk,2012-05-11,15.00
24 Hour Kiosk,2012-05-12,65.00
24 Hour Kiosk,2012-05-13,105.00
24 Hour Kiosk,2012-05-14,5.00
24 Hour Kiosk,2012-05-15,25.00
24 Hour Kiosk,2012-05-16,15.00
24 Hour Kiosk,2012-05-17,25.00
24 Hour Kiosk,2012-05-18,30.00
24 Hour Kiosk,2012-05-19,110.00
24 Hour Kiosk,2012-05-20,60.00
24 Hour Kiosk,2012-05-21,10.00
24 Hour Kiosk,2012-05-22,10.00
24 Hour Kiosk,2012-05-23,30.00
24 Hour Kiosk,2012-05-24,15.00
24 Hour Kiosk,2012-05-25,30.00
24 Hour Kiosk,2012-05-26,40.00
24 Hour Kiosk,2012-05-27,80.00
24 Hour Kiosk,2012-05-28,85.00
24 Hour Kiosk,2012-05-29,20.00
24 Hour Kiosk,2012-05-30,15.00
24 Hour Kiosk,2012-05-31,35.00
24 Hour Kiosk,2012-06-01,50.00
24 Hour Kiosk,2012-06-02,30.00
24 Hour Kiosk,2012-06-03,45.00
24 Hour Kiosk,2012-06-04,10.00
24 Hour Kiosk,2012-06-05,10.00
24 Hour Kiosk,2012-06-06,15.00
24 Hour Kiosk,2012-06-07,15.00
24 Hour Kiosk,2012-06-08,30.00
24 Hour Kiosk,2012-06-09,30.00
24 Hour Kiosk,2012-06-10,40.00
24 Hour Kiosk,2012-06-11,25.00
24 Hour Kiosk,2012-06-13,35.00
24 Hour Kiosk,2012-06-14,15.00
24 Hour Kiosk,2012-06-15,5.00
24 Hour Kiosk,2012-06-16,40.00
24 Hour Kiosk,2012-06-17,25.00
24 Hour Kiosk,2012-06-18,10.00
24 Hour Kiosk,2012-06-19,5.00
24 Hour Kiosk,2012-06-20,20.00
24 Hour Kiosk,2012-06-21,10.00
24 Hour Kiosk,2012-06-22,15.00
24 Hour Kiosk,2012-06-23,80.00
24 Hour Kiosk,2012-06-24,10.00
24 Hour Kiosk,2012-06-25,65.00
24 Hour Kiosk,2012-06-26,20.00
24 Hour Kiosk,2012-06-27,20.00
24 Hour Kiosk,2012-06-28,25.00
24 Hour Kiosk,2012-06-29,60.00
24 Hour Kiosk,2012-06-30,30.00
24 Hour Kiosk,2012-07-01,30.00
24 Hour Kiosk,2012-07-02,5.00
24 Hour Kiosk,2012-07-03,15.00
24 Hour Kiosk,2012-07-04,80.00
24 Hour Kiosk,2012-07-05,5.00
24 Hour Kiosk,2012-07-06,5.00
24 Hour Kiosk,2012-07-07,35.00
24 Hour Kiosk,2012-07-08,30.00
24 Hour Kiosk,2012-07-10,20.00
24 Hour Kiosk,2012-07-11,10.00
24 Hour Kiosk,2012-07-12,20.00
24 Hour Kiosk,2012-07-14,25.00
24 Hour Kiosk,2012-07-15,30.00
24 Hour Kiosk,2012-07-16,20.00
24 Hour Kiosk,2012-07-17,5.00
24 Hour Kiosk,2012-07-18,30.00
24 Hour Kiosk,2012-07-19,10.00
24 Hour Kiosk,2012-07-21,35.00
24 Hour Kiosk,2012-07-22,45.00
24 Hour Kiosk,2012-07-23,5.00
24 Hour Kiosk,2012-07-24,15.00
24 Hour Kiosk,2012-07-25,20.00
24 Hour Kiosk,2012-07-26,25.00
24 Hour Kiosk,2012-07-27,50.00
24 Hour Kiosk,2012-07-28,100.00
24 Hour Kiosk,2012-07-29,50.00
24 Hour Kiosk,2012-07-30,20.00
24 Hour Kiosk,2012-08-01,5.00
24 Hour Kiosk,2012-08-02,5.00
24 Hour Kiosk,2012-08-03,20.00
24 Hour Kiosk,2012-08-04,20.00
24 Hour Kiosk,2012-08-05,45.00
24 Hour Kiosk,2012-08-06,25.00
24 Hour Kiosk,2012-08-07,
24 Hour Kiosk,2012-08-09,10.00
24 Hour Kiosk,2012-08-11,30.00
24 Hour Kiosk,2012-08-12,35.00
24 Hour Kiosk,2012-08-13,35.00
24 Hour Kiosk,2012-08-14,10.00
24 Hour Kiosk,2012-08-15,30.00
24 Hour Kiosk,2012-08-16,25.00
24 Hour Kiosk,2012-08-17,20.00
24 Hour Kiosk,2012-08-18,25.00
24 Hour Kiosk,2012-08-19,25.00
24 Hour Kiosk,2012-08-20,15.00
24 Hour Kiosk,2012-08-21,10.00
24 Hour Kiosk,2012-08-22,10.00
24 Hour Kiosk,2012-08-23,10.00
24 Hour Kiosk,2012-08-24,10.00
24 Hour Kiosk,2012-08-25,40.00
24 Hour Kiosk,2012-08-26,35.00
24 Hour Kiosk,2012-08-27,25.00
24 Hour Kiosk,2012-08-28,
24 Hour Kiosk,2012-08-29,5.00
24 Hour Kiosk,2012-08-30,15.00
24 Hour Kiosk,2012-08-31,75.00
24 Hour Kiosk,2012-09-01,15.00
24 Hour Kiosk,2012-09-02,65.00
24 Hour Kiosk,2012-09-03,60.00
24 Hour Kiosk,2012-09-04,20.00
24 Hour Kiosk,2012-09-05,20.00
24 Hour Kiosk,2012-09-07,10.00
24 Hour Kiosk,2012-09-08,100.00
24 Hour Kiosk,2012-09-09,90.00
24 Hour Kiosk,2012-09-10,35.00
24 Hour Kiosk,2012-09-11,25.00
24 Hour Kiosk,2012-09-12,5.00
24 Hour Kiosk,2012-09-14,65.00
24 Hour Kiosk,2012-09-15,40.00
24 Hour Kiosk,2012-09-16,20.00
24 Hour Kiosk,2012-09-17,40.00
24 Hour Kiosk,2012-09-18,5.00
24 Hour Kiosk,2012-09-20,35.00
24 Hour Kiosk,2012-09-21,20.00
24 Hour Kiosk,2012-09-22,55.00
24 Hour Kiosk,2012-09-23,55.00
24 Hour Kiosk,2012-09-24,25.00
24 Hour Kiosk,2012-09-25,15.00
24 Hour Kiosk,2012-09-27,30.00
24 Hour Kiosk,2012-09-28,40.00
24 Hour Kiosk,2012-09-30,45.00
24 Hour Kiosk,2012-10-01,15.00
24 Hour Kiosk,2012-10-02,30.00
24 Hour Kiosk,2012-10-04,20.00
24 Hour Kiosk,2012-10-05,30.00
24 Hour Kiosk,2012-10-06,80.00
24 Hour Kiosk,2012-10-07,10.00
24 Hour Kiosk,2012-10-08,10.00
24 Hour Kiosk,2012-10-09,5.00
24 Hour Kiosk,2012-10-10,5.00
24 Hour Kiosk,2012-10-13,20.00
24 Hour Kiosk,2012-10-14,20.00
24 Hour Kiosk,2012-10-15,10.00
24 Hour Kiosk,2012-10-16,
24 Hour Kiosk,2012-10-17,20.00
24 Hour Kiosk,2012-10-18,5.00
24 Hour Kiosk,2012-10-20,45.00
24 Hour Kiosk,2012-10-21,10.00
24 Hour Kiosk,2012-10-22,15.00
24 Hour Kiosk,2012-10-23,10.00
24 Hour Kiosk,2012-10-25,5.00
24 Hour Kiosk,2012-10-26,70.00
24 Hour Kiosk,2012-10-27,40.00
24 Hour Kiosk,2012-10-28,60.00
24 Hour Kiosk,2012-10-31,10.00
24 Hour Kiosk,2012-11-02,15.00
24 Hour Kiosk,2012-11-03,10.00
24 Hour Kiosk,2012-11-04,45.00
24 Hour Kiosk,2012-11-05,10.00
24 Hour Kiosk,2012-11-06,5.00
24 Hour Kiosk,2012-11-07,10.00
24 Hour Kiosk,2012-11-08,10.00
24 Hour Kiosk,2012-11-09,5.00
24 Hour Kiosk,2012-11-10,70.00
24 Hour Kiosk,2012-11-11,
24 Hour Kiosk,2012-11-12,25.00
24 Hour Kiosk,2012-11-13,15.00
24 Hour Kiosk,2012-11-14,
24 Hour Kiosk,2012-11-15,15.00
24 Hour Kiosk,2012-11-16,5.00
24 Hour Kiosk,2012-11-17,60.00
24 Hour Kiosk,2012-11-18,50.00
24 Hour Kiosk,2012-11-20,10.00
24 Hour Kiosk,2012-11-21,25.00
24 Hour Kiosk,2012-11-22,55.00
24 Hour Kiosk,2012-11-23,25.00
24 Hour Kiosk,2012-11-24,35.00
24 Hour Kiosk,2012-11-25,75.00
24 Hour Kiosk,2012-11-26,10.00
24 Hour Kiosk,2012-11-29,35.00
24 Hour Kiosk,2012-11-30,65.00
24 Hour Kiosk,2012-12-01,25.00
24 Hour Kiosk,2012-12-02,15.00
24 Hour Kiosk,2012-12-05,10.00
24 Hour Kiosk,2012-12-07,15.00
24 Hour Kiosk,2012-12-08,55.00
24 Hour Kiosk,2012-12-09,55.00
24 Hour Kiosk,2012-12-10,5.00
24 Hour Kiosk,2012-12-11,40.00
24 Hour Kiosk,2012-12-14,10.00
24 Hour Kiosk,2012-12-15,20.00
24 Hour Kiosk,2012-12-17,25.00
24 Hour Kiosk,2012-12-18,5.00
24 Hour Kiosk,2012-12-19,15.00
24 Hour Kiosk,2012-12-21,5.00
24 Hour Kiosk,2012-12-22,10.00
24 Hour Kiosk,2012-12-23,35.00
24 Hour Kiosk,2012-12-24,25.00
24 Hour Kiosk,2012-12-26,
24 Hour Kiosk,2012-12-27,25.00
24 Hour Kiosk,2012-12-28,15.00
24 Hour Kiosk,2012-12-30,20.00
24 Hour Pass,2012-05-01,
24 Hour Pass,2012-05-02,5.00
24 Hour Pass,2012-05-03,10.00
24 Hour Pass,2012-05-04,15.00
24 Hour Pass,2012-05-05,
24 Hour Pass,2012-05-06,5.00
24 Hour Pass,2012-05-07,
24 Hour Pass,2012-05-08,
24 Hour Pass,2012-05-09,5.00
24 Hour Pass,2012-05-10,
24 Hour Pass,2012-05-11,
24 Hour Pass,2012-05-12,
24 Hour Pass,2012-05-13,5.00
24 Hour Pass,2012-05-14,
24 Hour Pass,2012-05-15,
24 Hour Pass,2012-05-16,
24 Hour Pass,2012-05-17,
24 Hour Pass,2012-05-18,5.00
24 Hour Pass,2012-05-19,
24 Hour Pass,2012-05-20,
24 Hour Pass,2012-05-21,
24 Hour Pass,2012-05-22,
24 Hour Pass,2012-05-23,
24 Hour Pass,2012-05-24,
24 Hour Pass,2012-05-25,
24 Hour Pass,2012-05-26,
24 Hour Pass,2012-05-27,
24 Hour Pass,2012-05-28,10.00
24 Hour Pass,2012-05-29,
24 Hour Pass,2012-05-30,
24 Hour Pass,2012-05-31,
24 Hour Pass,2012-06-01,
24 Hour Pass,2012-06-02,5.00
24 Hour Pass,2012-06-03,
24 Hour Pass,2012-06-04,
24 Hour Pass,2012-06-05,
24 Hour Pass,2012-06-06,
24 Hour Pass,2012-06-07,
24 Hour Pass,2012-06-08,5.00
24 Hour Pass,2012-06-09,
24 Hour Pass,2012-06-10,
24 Hour Pass,2012-06-11,
24 Hour Pass,2012-06-13,
24 Hour Pass,2012-06-14,
24 Hour Pass,2012-06-15,5.00
24 Hour Pass,2012-06-16,
24 Hour Pass,2012-06-17,
24 Hour Pass,2012-06-18,
24 Hour Pass,2012-06-19,
24 Hour Pass,2012-06-20,10.00
24 Hour Pass,2012-06-21,
24 Hour Pass,2012-06-22,
24 Hour Pass,2012-06-23,5.00
24 Hour Pass,2012-06-24,10.00
24 Hour Pass,2012-06-25,
24 Hour Pass,2012-06-26,15.00
24 Hour Pass,2012-06-27,
24 Hour Pass,2012-06-28,
24 Hour Pass,2012-06-29,5.00
24 Hour Pass,2012-06-30,
24 Hour Pass,2012-07-01,
24 Hour Pass,2012-07-02,
24 Hour Pass,2012-07-03,
24 Hour Pass,2012-07-04,5.00
24 Hour Pass,2012-07-05,0.00
24 Hour Pass,2012-07-06,
24 Hour Pass,2012-07-07,
24 Hour Pass,2012-07-08,
24 Hour Pass,2012-07-10,10.00
24 Hour Pass,2012-07-11,
24 Hour Pass,2012-07-12,
24 Hour Pass,2012-07-14,
24 Hour Pass,2012-07-15,5.00
24 Hour Pass,2012-07-16,5.00
24 Hour Pass,2012-07-17,
24 Hour Pass,2012-07-18,
24 Hour Pass,2012-07-19,
24 Hour Pass,2012-07-21,
24 Hour Pass,2012-07-22,5.00
24 Hour Pass,2012-07-23,
24 Hour Pass,2012-07-24,
24 Hour Pass,2012-07-25,10.00
24 Hour Pass,2012-07-26,
24 Hour Pass,2012-07-27,5.00
24 Hour Pass,2012-07-28,5.00
24 Hour Pass,2012-07-29,
24 Hour Pass,2012-07-30,
24 Hour Pass,2012-08-01,10.00
24 Hour Pass,2012-08-02,
24 Hour Pass,2012-08-03,
24 Hour Pass,2012-08-04,
24 Hour Pass,2012-08-05,
24 Hour Pass,2012-08-06,10.00
24 Hour Pass,2012-08-07,5.00
24 Hour Pass,2012-08-09,
24 Hour Pass,2012-08-11,
24 Hour Pass,2012-08-12,
24 Hour Pass,2012-08-13,
24 Hour Pass,2012-08-14,
24 Hour Pass,2012-08-15,
24 Hour Pass,2012-08-16,
24 Hour Pass,2012-08-17,
24 Hour Pass,2012-08-18,
24 Hour Pass,2012-08-19,
24 Hour Pass,2012-08-20,
24 Hour Pass,2012-08-21,
24 Hour Pass,2012-08-22,
24 Hour Pass,2012-08-23,0.00
24 Hour Pass,2012-08-24,
24 Hour Pass,2012-08-25,
24 Hour Pass,2012-08-26,
24 Hour Pass,2012-08-27,
24 Hour Pass,2012-08-28,5.00
24 Hour Pass,2012-08-29,
24 Hour Pass,2012-08-30,5.00
24 Hour Pass,2012-08-31,25.00
24 Hour Pass,2012-09-01,
24 Hour Pass,2012-09-02,
24 Hour Pass,2012-09-03,
24 Hour Pass,2012-09-04,
24 Hour Pass,2012-09-05,5.00
24 Hour Pass,2012-09-07,
24 Hour Pass,2012-09-08,10.00
24 Hour Pass,2012-09-09,
24 Hour Pass,2012-09-10,
24 Hour Pass,2012-09-11,
24 Hour Pass,2012-09-12,
24 Hour Pass,2012-09-14,
24 Hour Pass,2012-09-15,10.00
24 Hour Pass,2012-09-16,
24 Hour Pass,2012-09-17,
24 Hour Pass,2012-09-18,
24 Hour Pass,2012-09-20,5.00
24 Hour Pass,2012-09-21,
24 Hour Pass,2012-09-22,
24 Hour Pass,2012-09-23,10.00
24 Hour Pass,2012-09-24,
24 Hour Pass,2012-09-25,5.00
24 Hour Pass,2012-09-27,5.00
24 Hour Pass,2012-09-28,5.00
24 Hour Pass,2012-09-30,
24 Hour Pass,2012-10-01,
24 Hour Pass,2012-10-02,
24 Hour Pass,2012-10-04,
24 Hour Pass,2012-10-05,
24 Hour Pass,2012-10-06,5.00
24 Hour Pass,2012-10-07,
24 Hour Pass,2012-10-08,
24 Hour Pass,2012-10-09,
24 Hour Pass,2012-10-10,5.00
24 Hour Pass,2012-10-13,10.00
24 Hour Pass,2012-10-14,
24 Hour Pass,2012-10-15,
24 Hour Pass,2012-10-16,
24 Hour Pass,2012-10-17,
24 Hour Pass,2012-10-18,
24 Hour Pass,2012-10-20,10.00
24 Hour Pass,2012-10-21,
24 Hour Pass,2012-10-22,
24 Hour Pass,2012-10-23,5.00
24 Hour Pass,2012-10-25,5.00
24 Hour Pass,2012-10-26,5.00
24 Hour Pass,2012-10-27,5.00
24 Hour Pass,2012-10-28,
24 Hour Pass,2012-10-31,
24 Hour Pass,2012-11-02,
24 Hour Pass,2012-11-03,
24 Hour Pass,2012-11-04,
24 Hour Pass,2012-11-05,
24 Hour Pass,2012-11-06,5.00
24 Hour Pass,2012-11-07,
24 Hour Pass,2012-11-08,5.00
24 Hour Pass,2012-11-09,10.00
24 Hour Pass,2012-11-10,
24 Hour Pass,2012-11-11,5.00
24 Hour Pass,2012-11-12,
24 Hour Pass,2012-11-13,
24 Hour Pass,2012-11-14,10.00
24 Hour Pass,2012-11-15,
24 Hour Pass,2012-11-16,20.00
24 Hour Pass,2012-11-17,
24 Hour Pass,2012-11-18,
24 Hour Pass,2012-11-20,
24 Hour Pass,2012-11-21,
24 Hour Pass,2012-11-22,
24 Hour Pass,2012-11-23,
24 Hour Pass,2012-11-24,
24 Hour Pass,2012-11-25,
24 Hour Pass,2012-11-26,
24 Hour Pass,2012-11-29,
24 Hour Pass,2012-11-30,
24 Hour Pass,2012-12-01,
24 Hour Pass,2012-12-02,
24 Hour Pass,2012-12-05,
24 Hour Pass,2012-12-07,
24 Hour Pass,2012-12-08,
24 Hour Pass,2012-12-09,
24 Hour Pass,2012-12-10,
24 Hour Pass,2012-12-11,
24 Hour Pass,2012-12-14,
24 Hour Pass,2012-12-15,
24 Hour Pass,2012-12-17,
24 Hour Pass,2012-12-18,
24 Hour Pass,2012-12-19,
24 Hour Pass,2012-12-21,
24 Hour Pass,2012-12-22,
24 Hour Pass,2012-12-23,
24 Hour Pass,2012-12-24,
24 Hour Pass,2012-12-26,
24 Hour Pass,2012-12-27,
24 Hour Pass,2012-12-28,
24 Hour Pass,2012-12-30,5.00
Annual Membership,2012-05-01,
Annual Membership,2012-05-02,250.00
Annual Membership,2012-05-03,200.00
Annual Membership,2012-05-04,250.00
Annual Membership,2012-05-05,200.00
Annual Membership,2012-05-06,100.00
Annual Membership,2012-05-07,50.00
Annual Membership,2012-05-08,150.00
Annual Membership,2012-05-09,50.00
Annual Membership,2012-05-10,50.00
Annual Membership,2012-05-11,
Annual Membership,2012-05-12,
Annual Membership,2012-05-13,
Annual Membership,2012-05-14,50.00
Annual Membership,2012-05-15,
Annual Membership,2012-05-16,50.00
Annual Membership,2012-05-17,
Annual Membership,2012-05-18,
Annual Membership,2012-05-19,50.00
Annual Membership,2012-05-20,
Annual Membership,2012-05-21,
Annual Membership,2012-05-22,
Annual Membership,2012-05-23,
Annual Membership,2012-05-24,
Annual Membership,2012-05-25,50.00
Annual Membership,2012-05-26,50.00
Annual Membership,2012-05-27,
Annual Membership,2012-05-28,
Annual Membership,2012-05-29,
Annual Membership,2012-05-30,100.00
Annual Membership,2012-05-31,
Annual Membership,2012-06-01,
Annual Membership,2012-06-02,
Annual Membership,2012-06-03,
Annual Membership,2012-06-04,
Annual Membership,2012-06-05,50.00
Annual Membership,2012-06-06,
Annual Membership,2012-06-07,
Annual Membership,2012-06-08,
Annual Membership,2012-06-09,
Annual Membership,2012-06-10,
Annual Membership,2012-06-11,50.00
Annual Membership,2012-06-13,
Annual Membership,2012-06-14,
Annual Membership,2012-06-15,
Annual Membership,2012-06-16,50.00
Annual Membership,2012-06-17,
Annual Membership,2012-06-18,
Annual Membership,2012-06-19,
Annual Membership,2012-06-20,
Annual Membership,2012-06-21,
Annual Membership,2012-06-22,
Annual Membership,2012-06-23,
Annual Membership,2012-06-24,
Annual Membership,2012-06-25,
Annual Membership,2012-06-26,
Annual Membership,2012-06-27,
Annual Membership,2012-06-28,150.00
Annual Membership,2012-06-29,
Annual Membership,2012-06-30,
Annual Membership,2012-07-01,
Annual Membership,2012-07-02,
Annual Membership,2012-07-03,
Annual Membership,2012-07-04,
Annual Membership,2012-07-05,50.00
Annual Membership,2012-07-06,
Annual Membership,2012-07-07,
Annual Membership,2012-07-08,
Annual Membership,2012-07-10,
Annual Membership,2012-07-11,
Annual Membership,2012-07-12,
Annual Membership,2012-07-14,
Annual Membership,2012-07-15,
Annual Membership,2012-07-16,
Annual Membership,2012-07-17,
Annual Membership,2012-07-18,
Annual Membership,2012-07-19,
Annual Membership,2012-07-21,
Annual Membership,2012-07-22,
Annual Membership,2012-07-23,
Annual Membership,2012-07-24,50.00
Annual Membership,2012-07-25,
Annual Membership,2012-07-26,
Annual Membership,2012-07-27,
Annual Membership,2012-07-28,
Annual Membership,2012-07-29,
Annual Membership,2012-07-30,
Annual Membership,2012-08-01,
Annual Membership,2012-08-02,50.00
Annual Membership,2012-08-03,
Annual Membership,2012-08-04,
Annual Membership,2012-08-05,
Annual Membership,2012-08-06,
Annual Membership,2012-08-07,
Annual Membership,2012-08-09,
Annual Membership,2012-08-11,
Annual Membership,2012-08-12,
Annual Membership,2012-08-13,
Annual Membership,2012-08-14,
Annual Membership,2012-08-15,
Annual Membership,2012-08-16,
Annual Membership,2012-08-17,
Annual Membership,2012-08-18,
Annual Membership,2012-08-19,
Annual Membership,2012-08-20,
Annual Membership,2012-08-21,
Annual Membership,2012-08-22,
Annual Membership,2012-08-23,
Annual Membership,2012-08-24,
Annual Membership,2012-08-25,50.00
Annual Membership,2012-08-26,
Annual Membership,2012-08-27,
Annual Membership,2012-08-28,50.00
Annual Membership,2012-08-29,
Annual Membership,2012-08-30,
Annual Membership,2012-08-31,
Annual Membership,2012-09-01,
Annual Membership,2012-09-02,
Annual Membership,2012-09-03,
Annual Membership,2012-09-04,
Annual Membership,2012-09-05,
Annual Membership,2012-09-07,
Annual Membership,2012-09-08,
Annual Membership,2012-09-09,
Annual Membership,2012-09-10,
Annual Membership,2012-09-11,
Annual Membership,2012-09-12,
Annual Membership,2012-09-14,
Annual Membership,2012-09-15,
Annual Membership,2012-09-16,
Annual Membership,2012-09-17,100.00
Annual Membership,2012-09-18,
Annual Membership,2012-09-20,
Annual Membership,2012-09-21,
Annual Membership,2012-09-22,
Annual Membership,2012-09-23,
Annual Membership,2012-09-24,
Annual Membership,2012-09-25,
Annual Membership,2012-09-27,
Annual Membership,2012-09-28,
Annual Membership,2012-09-30,
Annual Membership,2012-10-01,
Annual Membership,2012-10-02,
Annual Membership,2012-10-04,
Annual Membership,2012-10-05,
Annual Membership,2012-10-06,
Annual Membership,2012-10-07,
Annual Membership,2012-10-08,
Annual Membership,2012-10-09,
Annual Membership,2012-10-10,
Annual Membership,2012-10-13,
Annual Membership,2012-10-14,
Annual Membership,2012-10-15,
Annual Membership,2012-10-16,50.00
Annual Membership,2012-10-17,
Annual Membership,2012-10-18,
Annual Membership,2012-10-20,
Annual Membership,2012-10-21,
Annual Membership,2012-10-22,
Annual Membership,2012-10-23,
Annual Membership,2012-10-25,
Annual Membership,2012-10-26,
Annual Membership,2012-10-27,
Annual Membership,2012-10-28,
Annual Membership,2012-10-31,50.00
Annual Membership,2012-11-02,
Annual Membership,2012-11-03,
Annual Membership,2012-11-04,
Annual Membership,2012-11-05,
Annual Membership,2012-11-06,
Annual Membership,2012-11-07,
Annual Membership,2012-11-08,
Annual Membership,2012-11-09,
Annual Membership,2012-11-10,
Annual Membership,2012-11-11,
Annual Membership,2012-11-12,
Annual Membership,2012-11-13,
Annual Membership,2012-11-14,
Annual Membership,2012-11-15,
Annual Membership,2012-11-16,
Annual Membership,2012-11-17,
Annual Membership,2012-11-18,
Annual Membership,2012-11-20,
Annual Membership,2012-11-21,
Annual Membership,2012-11-22,
Annual Membership,2012-11-23,
Annual Membership,2012-11-24,
Annual Membership,2012-11-25,
Annual Membership,2012-11-26,
Annual Membership,2012-11-29,
Annual Membership,2012-11-30,
Annual Membership,2012-12-01,
Annual Membership,2012-12-02,
Annual Membership,2012-12-05,
Annual Membership,2012-12-07,
Annual Membership,2012-12-08,
Annual Membership,2012-12-09,
Annual Membership,2012-12-10,
Annual Membership,2012-12-11,
Annual Membership,2012-12-14,
Annual Membership,2012-12-15,
Annual Membership,2012-12-17,
Annual Membership,2012-12-18,50.00
Annual Membership,2012-12-19,
Annual Membership,2012-12-21,
Annual Membership,2012-12-22,
Annual Membership,2012-12-23,
Annual Membership,2012-12-24,
Annual Membership,2012-12-26,50.00
Annual Membership,2012-12-27,
Annual Membership,2012-12-28,
Annual Membership,2012-12-30,
Monthly Membership,2012-05-01,
Monthly Membership,2012-05-02,
Monthly Membership,2012-05-03,
Monthly Membership,2012-05-04,
Monthly Membership,2012-05-05,
Monthly Membership,2012-05-06,
Monthly Membership,2012-05-07,
Monthly Membership,2012-05-08,
Monthly Membership,2012-05-09,
Monthly Membership,2012-05-10,
Monthly Membership,2012-05-11,
Monthly Membership,2012-05-12,
Monthly Membership,2012-05-13,
Monthly Membership,2012-05-14,
Monthly Membership,2012-05-15,
Monthly Membership,2012-05-16,
Monthly Membership,2012-05-17,
Monthly Membership,2012-05-18,
Monthly Membership,2012-05-19,
Monthly Membership,2012-05-20,15.00
Monthly Membership,2012-05-21,15.00
Monthly Membership,2012-05-22,
Monthly Membership,2012-05-23,
Monthly Membership,2012-05-24,
Monthly Membership,2012-05-25,
Monthly Membership,2012-05-26,
Monthly Membership,2012-05-27,
Monthly Membership,2012-05-28,
Monthly Membership,2012-05-29,
Monthly Membership,2012-05-30,
Monthly Membership,2012-05-31,
Monthly Membership,2012-06-01,
Monthly Membership,2012-06-02,
Monthly Membership,2012-06-03,
Monthly Membership,2012-06-04,
Monthly Membership,2012-06-05,
Monthly Membership,2012-06-06,
Monthly Membership,2012-06-07,
Monthly Membership,2012-06-08,
Monthly Membership,2012-06-09,
Monthly Membership,2012-06-10,
Monthly Membership,2012-06-11,
Monthly Membership,2012-06-13,
Monthly Membership,2012-06-14,
Monthly Membership,2012-06-15,
Monthly Membership,2012-06-16,
Monthly Membership,2012-06-17,
Monthly Membership,2012-06-18,
Monthly Membership,2012-06-19,
Monthly Membership,2012-06-20,
Monthly Membership,2012-06-21,
Monthly Membership,2012-06-22,
Monthly Membership,2012-06-23,
Monthly Membership,2012-06-24,
Monthly Membership,2012-06-25,
Monthly Membership,2012-06-26,
Monthly Membership,2012-06-27,
Monthly Membership,2012-06-28,
Monthly Membership,2012-06-29,
Monthly Membership,2012-06-30,
Monthly Membership,2012-07-01,
Monthly Membership,2012-07-02,
Monthly Membership,2012-07-03,
Monthly Membership,2012-07-04,
Monthly Membership,2012-07-05,
Monthly Membership,2012-07-06,
Monthly Membership,2012-07-07,
Monthly Membership,2012-07-08,
Monthly Membership,2012-07-10,
Monthly Membership,2012-07-11,
Monthly Membership,2012-07-12,
Monthly Membership,2012-07-14,
Monthly Membership,2012-07-15,
Monthly Membership,2012-07-16,
Monthly Membership,2012-07-17,
Monthly Membership,2012-07-18,
Monthly Membership,2012-07-19,
Monthly Membership,2012-07-21,
Monthly Membership,2012-07-22,
Monthly Membership,2012-07-23,
Monthly Membership,2012-07-24,
Monthly Membership,2012-07-25,
Monthly Membership,2012-07-26,
Monthly Membership,2012-07-27,
Monthly Membership,2012-07-28,
Monthly Membership,2012-07-29,
Monthly Membership,2012-07-30,
Monthly Membership,2012-08-01,
Monthly Membership,2012-08-02,
Monthly Membership,2012-08-03,
Monthly Membership,2012-08-04,
Monthly Membership,2012-08-05,
Monthly Membership,2012-08-06,
Monthly Membership,2012-08-07,
Monthly Membership,2012-08-09,
Monthly Membership,2012-08-11,
Monthly Membership,2012-08-12,
Monthly Membership,2012-08-13,
Monthly Membership,2012-08-14,
Monthly Membership,2012-08-15,
Monthly Membership,2012-08-16,
Monthly Membership,2012-08-17,
Monthly Membership,2012-08-18,
Monthly Membership,2012-08-19,15.00
Monthly Membership,2012-08-20,
Monthly Membership,2012-08-21,
Monthly Membership,2012-08-22,
Monthly Membership,2012-08-23,
Monthly Membership,2012-08-24,
Monthly Membership,2012-08-25,
Monthly Membership,2012-08-26,
Monthly Membership,2012-08-27,
Monthly Membership,2012-08-28,
Monthly Membership,2012-08-29,
Monthly Membership,2012-08-30,
Monthly Membership,2012-08-31,
Monthly Membership,2012-09-01,
Monthly Membership,2012-09-02,
Monthly Membership,2012-09-03,
Monthly Membership,2012-09-04,
Monthly Membership,2012-09-05,
Monthly Membership,2012-09-07,
Monthly Membership,2012-09-08,
Monthly Membership,2012-09-09,
Monthly Membership,2012-09-10,
Monthly Membership,2012-09-11,
Monthly Membership,2012-09-12,
Monthly Membership,2012-09-14,
Monthly Membership,2012-09-15,
Monthly Membership,2012-09-16,
Monthly Membership,2012-09-17,
Monthly Membership,2012-09-18,
Monthly Membership,2012-09-20,
Monthly Membership,2012-09-21,
Monthly Membership,2012-09-22,
Monthly Membership,2012-09-23,
Monthly Membership,2012-09-24,
Monthly Membership,2012-09-25,
Monthly Membership,2012-09-27,
Monthly Membership,2012-09-28,
Monthly Membership,2012-09-30,
Monthly Membership,2012-10-01,
Monthly Membership,2012-10-02,
Monthly Membership,2012-10-04,
Monthly Membership,2012-10-05,
Monthly Membership,2012-10-06,
Monthly Membership,2012-10-07,
Monthly Membership,2012-10-08,
Monthly Membership,2012-10-09,
Monthly Membership,2012-10-10,
Monthly Membership,2012-10-13,
Monthly Membership,2012-10-14,
Monthly Membership,2012-10-15,
Monthly Membership,2012-10-16,
Monthly Membership,2012-10-17,
Monthly Membership,2012-10-18,
Monthly Membership,2012-10-20,
Monthly Membership,2012-10-21,
Monthly Membership,2012-10-22,
Monthly Membership,2012-10-23,
Monthly Membership,2012-10-25,
Monthly Membership,2012-10-26,
Monthly Membership,2012-10-27,
Monthly Membership,2012-10-28,
Monthly Membership,2012-10-31,
Monthly Membership,2012-11-02,
Monthly Membership,2012-11-03,
Monthly Membership,2012-11-04,
Monthly Membership,2012-11-05,
Monthly Membership,2012-11-06,
Monthly Membership,2012-11-07,
Monthly Membership,2012-11-08,
Monthly Membership,2012-11-09,
Monthly Membership,2012-11-10,
Monthly Membership,2012-11-11,
Monthly Membership,2012-11-12,
Monthly Membership,2012-11-13,
Monthly Membership,2012-11-14,
Monthly Membership,2012-11-15,
Monthly Membership,2012-11-16,
Monthly Membership,2012-11-17,
Monthly Membership,2012-11-18,
Monthly Membership,2012-11-20,
Monthly Membership,2012-11-21,
Monthly Membership,2012-11-22,
Monthly Membership,2012-11-23,
Monthly Membership,2012-11-24,
Monthly Membership,2012-11-25,
Monthly Membership,2012-11-26,
Monthly Membership,2012-11-29,
Monthly Membership,2012-11-30,
Monthly Membership,2012-12-01,
Monthly Membership,2012-12-02,
Monthly Membership,2012-12-05,
Monthly Membership,2012-12-07,
Monthly Membership,2012-12-08,
Monthly Membership,2012-12-09,
Monthly Membership,2012-12-10,
Monthly Membership,2012-12-11,
Monthly Membership,2012-12-14,
Monthly Membership,2012-12-15,
Monthly Membership,2012-12-17,
Monthly Membership,2012-12-18,
Monthly Membership,2012-12-19,
Monthly Membership,2012-12-21,
Monthly Membership,2012-12-22,
Monthly Membership,2012-12-23,
Monthly Membership,2012-12-24,
Monthly Membership,2012-12-26,
Monthly Membership,2012-12-27,
Monthly Membership,2012-12-28,
Monthly Membership,2012-12-30,

